-- phpMyAdmin SQL Dump
-- version 4.7.0
-- https://www.phpmyadmin.net/
--
-- Host: 127.0.0.1
-- Creato il: Apr 18, 2021 alle 20:48
-- Versione del server: 10.1.22-MariaDB
-- Versione PHP: 7.1.4

SET SQL_MODE = "NO_AUTO_VALUE_ON_ZERO";
SET AUTOCOMMIT = 0;
START TRANSACTION;
SET time_zone = "+00:00";


/*!40101 SET @OLD_CHARACTER_SET_CLIENT=@@CHARACTER_SET_CLIENT */;
/*!40101 SET @OLD_CHARACTER_SET_RESULTS=@@CHARACTER_SET_RESULTS */;
/*!40101 SET @OLD_COLLATION_CONNECTION=@@COLLATION_CONNECTION */;
/*!40101 SET NAMES utf8mb4 */;

--
-- Database: `covid19`
--

-- --------------------------------------------------------

--
-- Struttura della tabella `countries`
--

CREATE TABLE `countries` (
  `Country` varchar(200) NOT NULL,
  `Slug` varchar(200) NOT NULL,
  `ISO2` varchar(2) NOT NULL
) ENGINE=InnoDB DEFAULT CHARSET=latin1;

--
-- Dump dei dati per la tabella `countries`
--

INSERT INTO `countries` (`Country`, `Slug`, `ISO2`) VALUES
('Afghanistan', 'afghanistan', 'AF'),
('ALA Aland Islands', 'ala-aland-islands', 'AX'),
('Albania', 'albania', 'AL'),
('Algeria', 'algeria', 'DZ'),
('American Samoa', 'american-samoa', 'AS'),
('Andorra', 'andorra', 'AD'),
('Angola', 'angola', 'AO'),
('Anguilla', 'anguilla', 'AI'),
('Antarctica', 'antarctica', 'AQ'),
('Antigua and Barbuda', 'antigua-and-barbuda', 'AG'),
('Argentina', 'argentina', 'AR'),
('Armenia', 'armenia', 'AM'),
('Aruba', 'aruba', 'AW'),
('Australia', 'australia', 'AU'),
('Austria', 'austria', 'AT'),
('Azerbaijan', 'azerbaijan', 'AZ'),
('Bahamas', 'bahamas', 'BS'),
('Bahrain', 'bahrain', 'BH'),
('Bangladesh', 'bangladesh', 'BD'),
('Barbados', 'barbados', 'BB'),
('Belarus', 'belarus', 'BY'),
('Belgium', 'belgium', 'BE'),
('Belize', 'belize', 'BZ'),
('Benin', 'benin', 'BJ'),
('Bermuda', 'bermuda', 'BM'),
('Bhutan', 'bhutan', 'BT'),
('Bolivia', 'bolivia', 'BO'),
('Bosnia and Herzegovina', 'bosnia-and-herzegovina', 'BA'),
('Botswana', 'botswana', 'BW'),
('Bouvet Island', 'bouvet-island', 'BV'),
('Brazil', 'brazil', 'BR'),
('British Indian Ocean Territory', 'british-indian-ocean-territory', 'IO'),
('British Virgin Islands', 'british-virgin-islands', 'VG'),
('Brunei Darussalam', 'brunei', 'BN'),
('Bulgaria', 'bulgaria', 'BG'),
('Burkina Faso', 'burkina-faso', 'BF'),
('Burundi', 'burundi', 'BI'),
('Cambodia', 'cambodia', 'KH'),
('Cameroon', 'cameroon', 'CM'),
('Canada', 'canada', 'CA'),
('Cape Verde', 'cape-verde', 'CV'),
('Cayman Islands', 'cayman-islands', 'KY'),
('Central African Republic', 'central-african-republic', 'CF'),
('Chad', 'chad', 'TD'),
('Chile', 'chile', 'CL'),
('China', 'china', 'CN'),
('Christmas Island', 'christmas-island', 'CX'),
('Cocos (Keeling) Islands', 'cocos-keeling-islands', 'CC'),
('Colombia', 'colombia', 'CO'),
('Comoros', 'comoros', 'KM'),
('Congo (Brazzaville)', 'congo-brazzaville', 'CG'),
('Congo (Kinshasa)', 'congo-kinshasa', 'CD'),
('Cook Islands', 'cook-islands', 'CK'),
('Costa Rica', 'costa-rica', 'CR'),
('Côte d\'Ivoire', 'cote-divoire', 'CI'),
('Croatia', 'croatia', 'HR'),
('Cuba', 'cuba', 'CU'),
('Cyprus', 'cyprus', 'CY'),
('Czech Republic', 'czech-republic', 'CZ'),
('Denmark', 'denmark', 'DK'),
('Djibouti', 'djibouti', 'DJ'),
('Dominica', 'dominica', 'DM'),
('Dominican Republic', 'dominican-republic', 'DO'),
('Ecuador', 'ecuador', 'EC'),
('Egypt', 'egypt', 'EG'),
('El Salvador', 'el-salvador', 'SV'),
('Equatorial Guinea', 'equatorial-guinea', 'GQ'),
('Eritrea', 'eritrea', 'ER'),
('Estonia', 'estonia', 'EE'),
('Ethiopia', 'ethiopia', 'ET'),
('Falkland Islands (Malvinas)', 'falkland-islands-malvinas', 'FK'),
('Faroe Islands', 'faroe-islands', 'FO'),
('Fiji', 'fiji', 'FJ'),
('Finland', 'finland', 'FI'),
('France', 'france', 'FR'),
('French Guiana', 'french-guiana', 'GF'),
('French Polynesia', 'french-polynesia', 'PF'),
('French Southern Territories', 'french-southern-territories', 'TF'),
('Gabon', 'gabon', 'GA'),
('Gambia', 'gambia', 'GM'),
('Georgia', 'georgia', 'GE'),
('Germany', 'germany', 'DE'),
('Ghana', 'ghana', 'GH'),
('Gibraltar', 'gibraltar', 'GI'),
('Greece', 'greece', 'GR'),
('Greenland', 'greenland', 'GL'),
('Grenada', 'grenada', 'GD'),
('Guadeloupe', 'guadeloupe', 'GP'),
('Guam', 'guam', 'GU'),
('Guatemala', 'guatemala', 'GT'),
('Guernsey', 'guernsey', 'GG'),
('Guinea', 'guinea', 'GN'),
('Guinea-Bissau', 'guinea-bissau', 'GW'),
('Guyana', 'guyana', 'GY'),
('Haiti', 'haiti', 'HT'),
('Heard and Mcdonald Islands', 'heard-and-mcdonald-islands', 'HM'),
('Holy See (Vatican City State)', 'holy-see-vatican-city-state', 'VA'),
('Honduras', 'honduras', 'HN'),
('Hong Kong, SAR China', 'hong-kong-sar-china', 'HK'),
('Hungary', 'hungary', 'HU'),
('Iceland', 'iceland', 'IS'),
('India', 'india', 'IN'),
('Indonesia', 'indonesia', 'ID'),
('Iran, Islamic Republic of', 'iran', 'IR'),
('Iraq', 'iraq', 'IQ'),
('Ireland', 'ireland', 'IE'),
('Isle of Man', 'isle-of-man', 'IM'),
('Israel', 'israel', 'IL'),
('Italy', 'italy', 'IT'),
('Jamaica', 'jamaica', 'JM'),
('Japan', 'japan', 'JP'),
('Jersey', 'jersey', 'JE'),
('Jordan', 'jordan', 'JO'),
('Kazakhstan', 'kazakhstan', 'KZ'),
('Kenya', 'kenya', 'KE'),
('Kiribati', 'kiribati', 'KI'),
('Korea (North)', 'korea-north', 'KP'),
('Korea (South)', 'korea-south', 'KR'),
('Kuwait', 'kuwait', 'KW'),
('Kyrgyzstan', 'kyrgyzstan', 'KG'),
('Lao PDR', 'lao-pdr', 'LA'),
('Latvia', 'latvia', 'LV'),
('Lebanon', 'lebanon', 'LB'),
('Lesotho', 'lesotho', 'LS'),
('Liberia', 'liberia', 'LR'),
('Libya', 'libya', 'LY'),
('Liechtenstein', 'liechtenstein', 'LI'),
('Lithuania', 'lithuania', 'LT'),
('Luxembourg', 'luxembourg', 'LU'),
('Macao, SAR China', 'macao-sar-china', 'MO'),
('Macedonia, Republic of', 'macedonia', 'MK'),
('Madagascar', 'madagascar', 'MG'),
('Malawi', 'malawi', 'MW'),
('Malaysia', 'malaysia', 'MY'),
('Maldives', 'maldives', 'MV'),
('Mali', 'mali', 'ML'),
('Malta', 'malta', 'MT'),
('Marshall Islands', 'marshall-islands', 'MH'),
('Martinique', 'martinique', 'MQ'),
('Mauritania', 'mauritania', 'MR'),
('Mauritius', 'mauritius', 'MU'),
('Mayotte', 'mayotte', 'YT'),
('Mexico', 'mexico', 'MX'),
('Micronesia, Federated States of', 'micronesia', 'FM'),
('Moldova', 'moldova', 'MD'),
('Monaco', 'monaco', 'MC'),
('Mongolia', 'mongolia', 'MN'),
('Montenegro', 'montenegro', 'ME'),
('Montserrat', 'montserrat', 'MS'),
('Morocco', 'morocco', 'MA'),
('Mozambique', 'mozambique', 'MZ'),
('Myanmar', 'myanmar', 'MM'),
('Namibia', 'namibia', 'NA'),
('Nauru', 'nauru', 'NR'),
('Nepal', 'nepal', 'NP'),
('Netherlands', 'netherlands', 'NL'),
('Netherlands Antilles', 'netherlands-antilles', 'AN'),
('New Caledonia', 'new-caledonia', 'NC'),
('New Zealand', 'new-zealand', 'NZ'),
('Nicaragua', 'nicaragua', 'NI'),
('Niger', 'niger', 'NE'),
('Nigeria', 'nigeria', 'NG'),
('Niue', 'niue', 'NU'),
('Norfolk Island', 'norfolk-island', 'NF'),
('Northern Mariana Islands', 'northern-mariana-islands', 'MP'),
('Norway', 'norway', 'NO'),
('Oman', 'oman', 'OM'),
('Pakistan', 'pakistan', 'PK'),
('Palau', 'palau', 'PW'),
('Palestinian Territory', 'palestine', 'PS'),
('Panama', 'panama', 'PA'),
('Papua New Guinea', 'papua-new-guinea', 'PG'),
('Paraguay', 'paraguay', 'PY'),
('Peru', 'peru', 'PE'),
('Philippines', 'philippines', 'PH'),
('Pitcairn', 'pitcairn', 'PN'),
('Poland', 'poland', 'PL'),
('Portugal', 'portugal', 'PT'),
('Puerto Rico', 'puerto-rico', 'PR'),
('Qatar', 'qatar', 'QA'),
('Republic of Kosovo', 'kosovo', 'XK'),
('Réunion', 'réunion', 'RE'),
('Romania', 'romania', 'RO'),
('Russian Federation', 'russia', 'RU'),
('Rwanda', 'rwanda', 'RW'),
('Saint Helena', 'saint-helena', 'SH'),
('Saint Kitts and Nevis', 'saint-kitts-and-nevis', 'KN'),
('Saint Lucia', 'saint-lucia', 'LC'),
('Saint Pierre and Miquelon', 'saint-pierre-and-miquelon', 'PM'),
('Saint Vincent and Grenadines', 'saint-vincent-and-the-grenadines', 'VC'),
('Saint-Barthélemy', 'saint-barthélemy', 'BL'),
('Saint-Martin (French part)', 'saint-martin-french-part', 'MF'),
('Samoa', 'samoa', 'WS'),
('San Marino', 'san-marino', 'SM'),
('Sao Tome and Principe', 'sao-tome-and-principe', 'ST'),
('Saudi Arabia', 'saudi-arabia', 'SA'),
('Senegal', 'senegal', 'SN'),
('Serbia', 'serbia', 'RS'),
('Seychelles', 'seychelles', 'SC'),
('Sierra Leone', 'sierra-leone', 'SL'),
('Singapore', 'singapore', 'SG'),
('Slovakia', 'slovakia', 'SK'),
('Slovenia', 'slovenia', 'SI'),
('Solomon Islands', 'solomon-islands', 'SB'),
('Somalia', 'somalia', 'SO'),
('South Africa', 'south-africa', 'ZA'),
('South Georgia and the South Sandwich Islands', 'south-georgia-and-the-south-sandwich-islands', 'GS'),
('South Sudan', 'south-sudan', 'SS'),
('Spain', 'spain', 'ES'),
('Sri Lanka', 'sri-lanka', 'LK'),
('Sudan', 'sudan', 'SD'),
('Suriname', 'suriname', 'SR'),
('Svalbard and Jan Mayen Islands', 'svalbard-and-jan-mayen-islands', 'SJ'),
('Swaziland', 'swaziland', 'SZ'),
('Sweden', 'sweden', 'SE'),
('Switzerland', 'switzerland', 'CH'),
('Syrian Arab Republic (Syria)', 'syria', 'SY'),
('Taiwan, Republic of China', 'taiwan', 'TW'),
('Tajikistan', 'tajikistan', 'TJ'),
('Tanzania, United Republic of', 'tanzania', 'TZ'),
('Thailand', 'thailand', 'TH'),
('Timor-Leste', 'timor-leste', 'TL'),
('Togo', 'togo', 'TG'),
('Tokelau', 'tokelau', 'TK'),
('Tonga', 'tonga', 'TO'),
('Trinidad and Tobago', 'trinidad-and-tobago', 'TT'),
('Tunisia', 'tunisia', 'TN'),
('Turkey', 'turkey', 'TR'),
('Turkmenistan', 'turkmenistan', 'TM'),
('Turks and Caicos Islands', 'turks-and-caicos-islands', 'TC'),
('Tuvalu', 'tuvalu', 'TV'),
('Uganda', 'uganda', 'UG'),
('Ukraine', 'ukraine', 'UA'),
('United Arab Emirates', 'united-arab-emirates', 'AE'),
('United Kingdom', 'united-kingdom', 'GB'),
('United States of America', 'united-states', 'US'),
('Uruguay', 'uruguay', 'UY'),
('US Minor Outlying Islands', 'us-minor-outlying-islands', 'UM'),
('Uzbekistan', 'uzbekistan', 'UZ'),
('Vanuatu', 'vanuatu', 'VU'),
('Venezuela (Bolivarian Republic)', 'venezuela', 'VE'),
('Viet Nam', 'vietnam', 'VN'),
('Virgin Islands, US', 'virgin-islands', 'VI'),
('Wallis and Futuna Islands', 'wallis-and-futuna-islands', 'WF'),
('Western Sahara', 'western-sahara', 'EH'),
('Yemen', 'yemen', 'YE'),
('Zambia', 'zambia', 'ZM'),
('Zimbabwe', 'zimbabwe', 'ZW');

-- --------------------------------------------------------

--
-- Struttura della tabella `dailysummary`
--

CREATE TABLE `dailysummary` (
  `ID` varchar(50) NOT NULL,
  `Country` varchar(50) NOT NULL,
  `CoutryCode` varchar(2) NOT NULL,
  `Slug` varchar(50) NOT NULL,
  `NewConfirmed` bigint(20) NOT NULL,
  `TotalConfirmed` bigint(20) NOT NULL,
  `NewDeaths` bigint(20) NOT NULL,
  `TotalDeaths` bigint(20) NOT NULL,
  `NewRecovered` bigint(20) NOT NULL,
  `TotalRecovered` bigint(20) NOT NULL,
  `Date` timestamp NOT NULL DEFAULT CURRENT_TIMESTAMP ON UPDATE CURRENT_TIMESTAMP
) ENGINE=InnoDB DEFAULT CHARSET=latin1;

--
-- Dump dei dati per la tabella `dailysummary`
--

INSERT INTO `dailysummary` (`ID`, `Country`, `CoutryCode`, `Slug`, `NewConfirmed`, `TotalConfirmed`, `NewDeaths`, `TotalDeaths`, `NewRecovered`, `TotalRecovered`, `Date`) VALUES
('006c14cc-6d37-4aab-9fac-31bf4e464048', 'Estonia', 'EE', 'estonia', 0, 69193, 0, 615, 0, 50640, '2021-03-04 17:42:48'),
('02439944-92f6-4ec6-a40a-541fe3bbd6b7', 'Malawi', 'MW', 'malawi', 0, 32229, 0, 1056, 0, 20204, '2021-03-04 17:42:48'),
('02615713-f3c5-43a3-9268-96fe010f4216', 'El Salvador', 'SV', 'el-salvador', 0, 59866, 0, 1861, 0, 55312, '2021-03-02 20:05:41'),
('02de3d1e-47a7-42db-9a19-00f40a28a76a', 'Togo', 'TG', 'togo', 0, 7188, 0, 85, 0, 5918, '2021-03-04 17:42:48'),
('02e455be-915e-4b02-b9e4-2eebd1b3cf4d', 'Bulgaria', 'BG', 'bulgaria', 0, 249626, 0, 10308, 0, 206630, '2021-03-02 20:05:41'),
('03e3779a-af17-4bf6-a271-abeac994c73b', 'Jamaica', 'JM', 'jamaica', 0, 23599, 0, 425, 0, 13502, '2021-03-02 20:05:41'),
('04755495-b37e-49c4-ab14-ee1e56c7f81e', 'Czech Republic', 'CZ', 'czech-republic', 0, 1269058, 0, 20941, 0, 1093537, '2021-03-04 17:42:48'),
('04c1188a-02b6-481d-90fc-48e02d68ed39', 'Congo (Brazzaville)', 'CG', 'congo-brazzaville', 0, 8820, 0, 128, 0, 7019, '2021-03-02 20:05:41'),
('05381a49-f220-4fc6-9194-8c093f85d462', 'Sierra Leone', 'SL', 'sierra-leone', 0, 3887, 0, 79, 0, 2621, '2021-03-02 20:05:41'),
('06e9ab1f-3a89-4467-8ce4-9fcbf3320639', 'Portugal', 'PT', 'portugal', 0, 806626, 0, 16430, 0, 725399, '2021-03-04 17:42:48'),
('06fd59dd-e68b-490c-a62a-d16537ca977e', 'Rwanda', 'RW', 'rwanda', 0, 19198, 0, 265, 0, 17569, '2021-03-04 17:42:48'),
('07dd6028-c629-47bf-b59e-0645ed2ded94', 'Lebanon', 'LB', 'lebanon', 0, 383499, 0, 4866, 0, 298406, '2021-03-04 17:42:48'),
('07e74731-eefb-4965-8440-c84338117cf1', 'Saint Lucia', 'LC', 'saint-lucia', 0, 3803, 0, 39, 0, 3224, '2021-03-04 17:42:48'),
('0883cd7e-66df-4028-98bc-771789625376', 'Morocco', 'MA', 'morocco', 0, 484753, 0, 8653, 0, 470425, '2021-03-04 17:42:48'),
('08e2718a-f7f3-4235-9093-ebb5b9d0433f', 'Syrian Arab Republic (Syria)', 'SY', 'syria', 0, 15753, 0, 1045, 0, 10039, '2021-03-04 17:42:48'),
('0b138a43-8352-459e-b8ee-93617549aa24', 'Gambia', 'GM', 'gambia', 0, 4712, 0, 150, 0, 4089, '2021-03-02 20:05:41'),
('0c2988c2-72d8-4f9f-9687-518ac416ce91', 'Jordan', 'JO', 'jordan', 0, 407617, 0, 4793, 0, 355781, '2021-03-04 17:42:48'),
('0ccbd420-acb2-497e-9117-5ebb059fa091', 'Russian Federation', 'RU', 'russia', 11450, 4209850, 325, 85025, 11170, 3780195, '2021-03-02 20:05:41'),
('0d1c79d1-f5c6-4e39-aa32-190d8b91e9eb', 'Tajikistan', 'TJ', 'tajikistan', 0, 13308, 0, 90, 0, 13218, '2021-03-02 20:05:41'),
('0dbc0060-e4bb-47fe-8b48-a3b6e2d1a769', 'Comoros', 'KM', 'comoros', 0, 3580, 0, 144, 0, 3369, '2021-03-04 17:42:48'),
('0dfa89cb-753d-4008-987b-da5d6d1c7db1', 'Jamaica', 'JM', 'jamaica', 0, 24103, 0, 435, 0, 13745, '2021-03-04 17:42:48'),
('0e66e2bb-8f4f-4ea4-99e2-e4134f2bf348', 'Monaco', 'MC', 'monaco', 0, 1981, 0, 26, 0, 1754, '2021-03-04 17:42:48'),
('0e8f0a77-4af2-4a0c-b8fe-598d8f386695', 'Lao PDR', 'LA', 'lao-pdr', 0, 45, 0, 0, 0, 42, '2021-03-02 20:05:41'),
('0ea16d04-eb03-4ad6-a9c5-436166fa375f', 'Palestinian Territory', 'PS', 'palestine', 0, 185336, 0, 2058, 0, 167744, '2021-03-02 20:05:41'),
('0ec57549-0733-4b1d-9f1e-bb5d8ce360eb', 'Lao PDR', 'LA', 'lao-pdr', 0, 45, 0, 0, 0, 42, '2021-03-04 17:42:48'),
('0f1c9d43-e15f-48c5-98aa-d27077118556', 'Spain', 'ES', 'spain', 15978, 3204531, 467, 69609, 0, 150376, '2021-03-02 20:05:41'),
('0fc5ba0e-3484-4be0-9d03-40a536f9b03d', 'Italy', 'IT', 'italy', 13106, 2938371, 246, 97945, 10894, 2416093, '2021-03-02 20:05:41'),
('10b9b5cc-350d-47bc-aeda-ad5c5fb3b3c7', 'Haiti', 'HT', 'haiti', 0, 12448, 0, 250, 0, 9763, '2021-03-02 20:05:41'),
('10e89181-e04d-44f0-97d1-27f5eaddc55c', 'Kenya', 'KE', 'kenya', 0, 106801, 0, 1866, 0, 86914, '2021-03-04 17:42:48'),
('11c2a345-b11b-411b-bad3-eda4c05f53bc', 'Belgium', 'BE', 'belgium', 783, 772294, 29, 22106, 0, 0, '2021-03-02 20:05:41'),
('129c9680-a991-4776-94f1-3a51eab467fd', 'Turkey', 'TR', 'turkey', 0, 2711479, 0, 28638, 0, 2578181, '2021-03-02 20:05:41'),
('12ed6153-5e76-4964-a7e5-1750b2da109a', 'Taiwan, Republic of China', 'TW', 'taiwan', 0, 955, 0, 9, 0, 919, '2021-03-02 20:05:41'),
('131540c8-d887-44f2-8523-8aa2e0df9553', 'Poland', 'PL', 'poland', 0, 1711772, 0, 43793, 0, 1430861, '2021-03-02 20:05:41'),
('131bd982-a470-4b36-906f-efded87bd061', 'Malawi', 'MW', 'malawi', 0, 32008, 0, 1048, 0, 19513, '2021-03-02 20:05:41'),
('13278f7f-1350-461a-b9cb-f3a7364b9ce4', 'Republic of Kosovo', 'XK', 'kosovo', 0, 70853, 0, 1620, 0, 60630, '2021-03-04 17:42:48'),
('13cfb4ef-7552-4874-b7c2-6f8d52b32ea3', 'Monaco', 'MC', 'monaco', 0, 1965, 0, 24, 0, 1720, '2021-03-02 20:05:41'),
('140fc515-aa95-4aef-9ed0-40760ba10e44', 'Kyrgyzstan', 'KG', 'kyrgyzstan', 0, 86308, 0, 1467, 0, 83269, '2021-03-02 20:05:41'),
('14989492-1df2-4e88-8d76-240b10010ea2', 'Uruguay', 'UY', 'uruguay', 0, 58589, 0, 611, 0, 50624, '2021-03-02 20:05:41'),
('1530cda1-dd33-4036-b5a5-84fbf082a277', 'Madagascar', 'MG', 'madagascar', 0, 19831, 0, 297, 0, 19296, '2021-03-02 20:05:41'),
('154e90d9-b108-4f64-905f-ee6b833a8871', 'Fiji', 'FJ', 'fiji', 0, 59, 0, 2, 0, 54, '2021-03-02 20:05:41'),
('15afbbb6-e017-4326-9a77-a4725e4cdd92', 'Seychelles', 'SC', 'seychelles', 0, 2890, 0, 13, 0, 2532, '2021-03-04 17:42:48'),
('16cb6a44-ae7e-4df9-ae86-c4c8d5645f8f', 'Germany', 'DE', 'germany', 10852, 2472913, 359, 71285, 9102, 2286728, '2021-03-04 17:42:48'),
('1722184f-5d3f-4445-8bed-86b0b368cfd7', 'Cyprus', 'CY', 'cyprus', 0, 35620, 0, 232, 0, 2057, '2021-03-04 17:42:48'),
('177b6e0c-2c6d-4f95-be78-b55ba149ccdf', 'Mozambique', 'MZ', 'mozambique', 0, 60395, 0, 668, 0, 44002, '2021-03-04 17:42:48'),
('178c41de-e8e1-4bf3-9811-c9e35b4a5472', 'Libya', 'LY', 'libya', 0, 134127, 0, 2210, 0, 121116, '2021-03-02 20:05:41'),
('188c0dc6-fc0a-4ecc-9581-d93548e68e54', 'Nepal', 'NP', 'nepal', 0, 274381, 0, 2778, 0, 270605, '2021-03-04 17:42:48'),
('189a9832-7676-4f12-b522-490f78bdc153', 'Macedonia, Republic of', 'MK', 'macedonia', 0, 104548, 0, 3156, 0, 92189, '2021-03-04 17:42:48'),
('18dd2d80-7118-4148-b71a-74887b840d25', 'Uganda', 'UG', 'uganda', 0, 40408, 0, 334, 0, 15049, '2021-03-04 17:42:48'),
('19184573-b567-4ad9-9df3-a4819ad8e0cd', 'Nigeria', 'NG', 'nigeria', 0, 156017, 0, 1915, 0, 133904, '2021-03-02 20:05:41'),
('1939cd72-3bba-4f59-87e6-c4bc6de12d16', 'Cyprus', 'CY', 'cyprus', 0, 35009, 0, 231, 0, 2057, '2021-03-02 20:05:41'),
('1aaca425-bf89-43b2-977b-d57e0a8b081b', 'Sri Lanka', 'LK', 'sri-lanka', 0, 84226, 0, 484, 0, 80437, '2021-03-04 17:42:48'),
('1d9240a3-05e0-4893-bf09-c00220bc5216', 'Chad', 'TD', 'chad', 0, 4056, 0, 140, 0, 3542, '2021-03-04 17:42:48'),
('1dc0160c-688c-430d-801f-581f48cfdcd0', 'Kazakhstan', 'KZ', 'kazakhstan', 0, 265028, 0, 3175, 0, 242557, '2021-03-04 17:42:48'),
('1dfeb996-e47d-42cf-818a-96adb398a178', 'South Sudan', 'SS', 'south-sudan', 0, 8010, 0, 94, 0, 4217, '2021-03-02 20:05:41'),
('1e813596-8fa6-42a7-b922-646bd4ad0d04', 'Mozambique', 'MZ', 'mozambique', 0, 59607, 0, 653, 0, 41413, '2021-03-02 20:05:41'),
('1e95c354-d326-4511-94da-0ddc5944a33c', 'United Kingdom', 'GB', 'united-kingdom', 5462, 4194289, 104, 123187, 3, 11646, '2021-03-02 20:05:41'),
('1f6f8000-6871-4e84-99f3-40553854653e', 'Korea (South)', 'KR', 'korea-south', 0, 91240, 0, 1619, 0, 82162, '2021-03-04 17:42:48'),
('201a8d7e-d57d-4244-a88e-fc35257cb97e', 'Norway', 'NO', 'norway', 0, 71735, 0, 623, 0, 17998, '2021-03-02 20:05:41'),
('205516f2-da8a-48cc-bd2f-54e7b03eb744', 'Burundi', 'BI', 'burundi', 0, 2217, 0, 3, 0, 773, '2021-03-02 20:05:41'),
('21d57cd2-db8e-43ba-afef-ede09b43ebc4', 'Grenada', 'GD', 'grenada', 0, 148, 0, 1, 0, 147, '2021-03-02 20:05:41'),
('225d6d8b-9b8e-45e3-a9bc-0a294154c2ed', 'Uzbekistan', 'UZ', 'uzbekistan', 0, 79926, 0, 622, 0, 78496, '2021-03-02 20:05:41'),
('23f7efeb-10d6-430b-ba15-62a045918914', 'Congo (Kinshasa)', 'CD', 'congo-kinshasa', 0, 25962, 0, 707, 0, 18951, '2021-03-02 20:05:41'),
('24333e1a-ff42-4cb3-a983-f07f1f9455e1', 'Guinea-Bissau', 'GW', 'guinea-bissau', 0, 3282, 0, 48, 0, 2624, '2021-03-04 17:42:48'),
('2461dbd1-2144-46b8-a753-c9ba28def3b1', 'Azerbaijan', 'AZ', 'azerbaijan', 0, 234662, 0, 3223, 0, 228839, '2021-03-02 20:05:41'),
('2467fae9-fca0-4a28-8687-48cdd090efbd', 'New Zealand', 'NZ', 'new-zealand', 0, 2389, 0, 26, 1, 2296, '2021-03-04 17:42:48'),
('24fe0439-4b7d-44b6-85cf-6218c2e63bd6', 'Japan', 'JP', 'japan', 688, 432778, 51, 7940, 1285, 410448, '2021-03-02 20:05:41'),
('25335d1d-68c1-4582-a72b-f7724e16d5fb', 'Romania', 'RO', 'romania', 0, 812318, 0, 20586, 0, 746779, '2021-03-04 17:42:48'),
('267e222e-07df-4c5a-9809-b80ee2289459', 'Micronesia, Federated States of', 'FM', 'micronesia', 0, 1, 0, 0, 0, 1, '2021-03-02 20:05:41'),
('26c2dc55-3655-45c2-b7d8-0b511ab68664', 'Mongolia', 'MN', 'mongolia', 0, 3000, 0, 2, 0, 2330, '2021-03-02 20:05:41'),
('26f3b442-f98a-45f2-8f7f-e38c4c518a2e', 'San Marino', 'SM', 'san-marino', 0, 3746, 0, 74, 0, 3276, '2021-03-02 20:05:41'),
('26f9cea6-7e3a-4c77-89af-3e272fcd2a51', 'Uzbekistan', 'UZ', 'uzbekistan', 0, 80035, 0, 622, 0, 78587, '2021-03-04 17:42:48'),
('275daa28-28fc-4866-addf-c30e4b85b6e8', 'Philippines', 'PH', 'philippines', 0, 582223, 0, 12389, 0, 534778, '2021-03-04 17:42:48'),
('29324f3c-f05f-489f-98e0-36b876811d0a', 'Tajikistan', 'TJ', 'tajikistan', 0, 13308, 0, 90, 0, 13218, '2021-03-04 17:42:48'),
('29fc7c15-d875-4b76-a3db-742bd2a04283', 'Mauritania', 'MR', 'mauritania', 0, 17217, 0, 441, 0, 16583, '2021-03-02 20:05:41'),
('2a21d1e6-87d0-497b-baf7-fab74917abb4', 'Singapore', 'SG', 'singapore', 0, 59979, 0, 29, 0, 59849, '2021-03-04 17:42:48'),
('2aa373dd-fe68-4944-89ff-cfe23ff79596', 'Israel', 'IL', 'israel', 0, 779958, 0, 5760, 0, 735624, '2021-03-02 20:05:41'),
('2b013ce6-bf23-41bf-a267-1646a64789a3', 'United Kingdom', 'GB', 'united-kingdom', 6420, 4207120, 487, 124017, 79, 11741, '2021-03-04 17:42:48'),
('2b0eb7e3-ab07-48db-bd34-5613a5d47fc5', 'Panama', 'PA', 'panama', 0, 341420, 0, 5858, 0, 327317, '2021-03-02 20:05:41'),
('2b483b21-5db3-4527-bee5-8325a64b9607', 'Peru', 'PE', 'peru', 5942, 1329805, 195, 46494, 6533, 1232528, '2021-03-02 20:05:41'),
('2bc85a3f-033e-4602-92ac-6852e6a701f4', 'Bahamas', 'BS', 'bahamas', 0, 8519, 0, 179, 0, 7309, '2021-03-02 20:05:41'),
('2c689283-5e15-41eb-bd42-df558197fa3c', 'Zimbabwe', 'ZW', 'zimbabwe', 0, 36115, 0, 1468, 0, 32905, '2021-03-02 20:05:41'),
('2c7adf67-ecc0-4dde-90d3-58f6f389c81c', 'Canada', 'CA', 'canada', 2382, 746355, 50, 20202, 3115, 829287, '2021-03-04 17:42:48'),
('2cf6f882-4750-40f3-a418-424622df4e7f', 'United Arab Emirates', 'AE', 'united-arab-emirates', 0, 394050, 0, 1238, 0, 382332, '2021-03-02 20:05:41'),
('2d629da4-adec-470e-85fb-fcae34c53bdb', 'Argentina', 'AR', 'argentina', 0, 2112023, 0, 52077, 0, 1911338, '2021-03-02 20:05:41'),
('2e60e36c-0e4a-415f-94a3-dc3fdd2a9497', 'Finland', 'FI', 'finland', 0, 58064, 0, 750, 0, 46000, '2021-03-02 20:05:41'),
('2eda6202-972e-45da-a41d-e7690a0aa84e', 'Latvia', 'LV', 'latvia', 0, 86458, 0, 1621, 0, 75255, '2021-03-02 20:05:41'),
('2f9bfa9a-3d22-450e-a840-ae1d8548b0a3', 'Kyrgyzstan', 'KG', 'kyrgyzstan', 0, 86410, 0, 1468, 0, 83375, '2021-03-04 17:42:48'),
('2fe066ad-b0ec-46d6-8413-df3df638c324', 'Suriname', 'SR', 'suriname', 0, 8933, 0, 173, 0, 8413, '2021-03-02 20:05:41'),
('2ffa38c7-ae40-4310-803a-d80957be7d87', 'Brazil', 'BR', 'brazil', 71704, 10718630, 1910, 259271, 42064, 9548315, '2021-03-04 17:42:48'),
('2ffb742d-94b0-4c48-90bf-8b0399dcdb37', 'Antigua and Barbuda', 'AG', 'antigua-and-barbuda', 0, 769, 0, 14, 0, 307, '2021-03-02 20:05:41'),
('30a024b8-627c-4818-ae36-132b7fd40981', 'Dominican Republic', 'DO', 'dominican-republic', 0, 240773, 0, 3130, 0, 193433, '2021-03-04 17:42:48'),
('31d72f54-81df-44e9-aa0d-fdabdc54c607', 'Samoa', 'WS', 'samoa', 0, 3, 0, 0, 0, 2, '2021-03-02 20:05:41'),
('326094f4-4bd7-42a1-b74f-4ba31d695287', 'Oman', 'OM', 'oman', 0, 142527, 0, 1583, 0, 133138, '2021-03-04 17:42:48'),
('33265b24-6340-4b75-8202-273489307578', 'Trinidad and Tobago', 'TT', 'trinidad-and-tobago', 0, 7723, 0, 139, 0, 7485, '2021-03-04 17:42:48'),
('336816d4-48ff-409b-8119-1ee4be2a5b04', 'Liberia', 'LR', 'liberia', 0, 2014, 0, 85, 0, 1884, '2021-03-02 20:05:41'),
('33764f6a-6d85-44ef-a677-8ca37ef184d1', 'Chile', 'CL', 'chile', 3040, 835552, 20, 20704, 2828, 790528, '2021-03-04 17:42:48'),
('33952f8a-9a39-4b50-bb93-6f335adc9163', 'Saint Kitts and Nevis', 'KN', 'saint-kitts-and-nevis', 0, 41, 0, 0, 0, 40, '2021-03-04 17:42:48'),
('33fce97d-49bb-4394-a29e-77206bc0d9f6', 'Benin', 'BJ', 'benin', 0, 6071, 0, 75, 0, 4963, '2021-03-04 17:42:48'),
('3462bed2-cc89-4b7f-9b07-b949c59bd6b1', 'Mauritius', 'MU', 'mauritius', 0, 619, 0, 10, 0, 588, '2021-03-04 17:42:48'),
('34fef15f-91ec-49dc-9afb-e72a2620c17d', 'Rwanda', 'RW', 'rwanda', 0, 18986, 0, 264, 0, 17322, '2021-03-02 20:05:41'),
('361e3b44-a8ab-4a31-b45a-93cc55e9430a', 'Bolivia', 'BO', 'bolivia', 0, 251391, 0, 11734, 0, 195099, '2021-03-04 17:42:48'),
('36a87689-da22-4369-b52e-d16cf2db3394', 'Korea (South)', 'KR', 'korea-south', 0, 90372, 0, 1606, 0, 81338, '2021-03-02 20:05:41'),
('36b1e8cb-5be9-4506-9d1a-e3d0275b6ed0', 'Côte d\'Ivoire', 'CI', 'cote-divoire', 0, 33285, 0, 194, 0, 32037, '2021-03-04 17:42:48'),
('3744dfb8-15c8-410a-8d53-6051dfa9fb43', 'Italy', 'IT', 'italy', 20840, 2976274, 347, 98635, 14068, 2440218, '2021-03-04 17:42:48'),
('3827ff27-f475-487f-9768-4983ff50056e', 'Georgia', 'GE', 'georgia', 0, 271739, 0, 3541, 0, 265805, '2021-03-04 17:42:48'),
('38c8be90-ab2f-4111-8597-4b0bda0ecc97', 'Slovakia', 'SK', 'slovakia', 0, 314359, 0, 7489, 0, 255300, '2021-03-04 17:42:48'),
('3a9c5a17-4dee-44d3-8e37-aba8eeb48afa', 'Marshall Islands', 'MH', 'marshall-islands', 0, 4, 0, 0, 0, 4, '2021-03-02 20:05:41'),
('3aa3258a-25f6-4bc2-a15f-6a27041ce622', 'Brunei Darussalam', 'BN', 'brunei', 0, 187, 0, 3, 0, 181, '2021-03-04 17:42:48'),
('3b1f3737-974f-4957-b718-f1dc150cdca1', 'Niger', 'NE', 'niger', 0, 4740, 0, 172, 0, 4250, '2021-03-02 20:05:41'),
('3b89bb17-6a22-4f15-ae81-6f9341fc68d8', 'Bhutan', 'BT', 'bhutan', 0, 867, 0, 1, 0, 865, '2021-03-02 20:05:41'),
('3cc2c98b-0a5f-45df-ba9b-24e75121dd29', 'Gambia', 'GM', 'gambia', 0, 4735, 0, 151, 0, 4111, '2021-03-04 17:42:48'),
('3d178be1-1e16-4c71-b490-6e3249a47108', 'Dominica', 'DM', 'dominica', 0, 142, 0, 0, 0, 127, '2021-03-02 20:05:41'),
('3d3bee8d-1e47-428a-a70f-75cff4828fed', 'Zambia', 'ZM', 'zambia', 0, 79002, 0, 1098, 0, 75087, '2021-03-02 20:05:41'),
('3e9e7536-9c94-4dd1-b3ce-20de909301d5', 'Sierra Leone', 'SL', 'sierra-leone', 0, 3900, 0, 79, 0, 2652, '2021-03-04 17:42:48'),
('3f524354-fc6b-4c19-bcb1-b6d72bcc34a6', 'Algeria', 'DZ', 'algeria', 0, 113255, 0, 2987, 0, 78234, '2021-03-02 20:05:41'),
('3f6525d6-6f14-4799-975c-c3d9d79f1925', 'Nicaragua', 'NI', 'nicaragua', 0, 6489, 0, 174, 0, 4225, '2021-03-04 17:42:48'),
('3fbd1596-13fb-4c3d-a772-db1a5c91e05b', 'Lithuania', 'LT', 'lithuania', 0, 199398, 0, 3253, 0, 184848, '2021-03-02 20:05:41'),
('40f9879a-730f-4422-9fe8-bb9abdcf9d63', 'Pakistan', 'PK', 'pakistan', 1519, 585435, 63, 13076, 987, 555242, '2021-03-04 17:42:48'),
('450b4073-b0ba-490b-8603-b708ab02a81b', 'Swaziland', 'SZ', 'swaziland', 0, 17025, 0, 652, 0, 14800, '2021-03-02 20:05:41'),
('47965b7e-89a5-48d2-a4a5-dadcd0e653b7', 'South Africa', 'ZA', 'south-africa', 0, 1513959, 0, 50077, 0, 1431336, '2021-03-02 20:05:41'),
('480126e1-b143-4a3c-80d1-8dc9eb937ff0', 'Palestinian Territory', 'PS', 'palestine', 0, 189326, 0, 2078, 0, 169915, '2021-03-04 17:42:48'),
('486612b0-2390-4b57-9bae-72e44f09305a', 'New Zealand', 'NZ', 'new-zealand', 0, 2382, 0, 26, 0, 2287, '2021-03-02 20:05:41'),
('48686758-3cf1-4819-9eaa-4d958e3b8430', 'Central African Republic', 'CF', 'central-african-republic', 0, 5004, 0, 63, 0, 4920, '2021-03-04 17:42:48'),
('48dcce23-e066-4cca-bf90-c86f1fea513e', 'Papua New Guinea', 'PG', 'papua-new-guinea', 0, 1365, 0, 14, 0, 846, '2021-03-04 17:42:48'),
('498a70e9-571f-4f16-bc9d-3f13bf120c00', 'Swaziland', 'SZ', 'swaziland', 0, 17103, 0, 652, 0, 14952, '2021-03-04 17:42:48'),
('4b38ce13-5ea0-48b8-a9b3-f7daa048c588', 'Somalia', 'SO', 'somalia', 0, 7392, 0, 243, 0, 3814, '2021-03-02 20:05:41'),
('4cdca58b-cb0e-43c7-b94d-995f14d33fc3', 'South Africa', 'ZA', 'south-africa', 0, 1516262, 0, 50366, 0, 1434772, '2021-03-04 17:42:48'),
('4d0c322d-f5d0-493f-9e5f-a8dd841799ae', 'Benin', 'BJ', 'benin', 0, 5434, 0, 70, 0, 4248, '2021-03-02 20:05:41'),
('4d4e2d03-df72-4bda-81e2-32d54893b186', 'Sweden', 'SE', 'sweden', 0, 657309, 0, 12826, 0, 0, '2021-03-02 20:05:41'),
('4d8c163f-1039-48d0-827d-edac641e94d8', 'Switzerland', 'CH', 'switzerland', 0, 559845, 0, 10014, 0, 317600, '2021-03-04 17:42:48'),
('4dd1f32a-b090-4b0b-84b7-acbcffbf12e9', 'Chad', 'TD', 'chad', 0, 3986, 0, 140, 0, 3480, '2021-03-02 20:05:41'),
('4e259cf7-8cab-4e5f-885d-97fbd92155ae', 'Mexico', 'MX', 'mexico', 7793, 2104987, 857, 188044, 4918, 1650230, '2021-03-04 17:42:48'),
('4e9292bc-804b-4386-92eb-dd8ab1ed0f29', 'Cape Verde', 'CV', 'cape-verde', 0, 15432, 0, 147, 0, 14875, '2021-03-02 20:05:41'),
('4eacea51-9fd7-4956-bc35-66ec6c0bc96f', 'Bangladesh', 'BD', 'bangladesh', 0, 547930, 0, 8428, 0, 499627, '2021-03-04 17:42:48'),
('4f937495-f8ea-4da9-85c3-a1e20c7d1cce', 'Finland', 'FI', 'finland', 0, 59442, 0, 759, 0, 46000, '2021-03-04 17:42:48'),
('514ac7c8-880a-4926-ab5d-a29a47b2042d', 'Syrian Arab Republic (Syria)', 'SY', 'syria', 0, 15642, 0, 1032, 0, 9880, '2021-03-02 20:05:41'),
('5196b471-2637-471f-8733-fc01208ae232', 'Bulgaria', 'BG', 'bulgaria', 0, 253183, 0, 10413, 0, 209000, '2021-03-04 17:42:48'),
('51f425c4-101c-4ad5-8885-8cce76645e81', 'Switzerland', 'CH', 'switzerland', 0, 557492, 0, 9988, 0, 317600, '2021-03-02 20:05:41'),
('520334dc-f0e1-4126-a1c3-3195202383eb', 'Yemen', 'YE', 'yemen', 0, 2310, 0, 634, 0, 1435, '2021-03-02 20:05:41'),
('522a3045-f3cc-4bc3-97cc-0a4048d0eb75', 'Senegal', 'SN', 'senegal', 0, 35037, 0, 896, 0, 29620, '2021-03-04 17:42:48'),
('52315a5c-c633-4aa5-b408-626feff81f3f', 'Bahrain', 'BH', 'bahrain', 0, 124269, 0, 458, 0, 117026, '2021-03-04 17:42:48'),
('52bb03a4-1fbd-4c8c-a573-6c5cad89a244', 'Denmark', 'DK', 'denmark', 0, 212380, 0, 2366, 0, 203204, '2021-03-02 20:05:41'),
('534319fe-4014-4dbe-ac5b-648c5d982539', 'Yemen', 'YE', 'yemen', 0, 2363, 0, 643, 0, 1435, '2021-03-04 17:42:48'),
('534856c3-5097-4a9c-b3f8-47b37238a5ce', 'Canada', 'CA', 'canada', 3403, 741567, 22, 20125, 3829, 823249, '2021-03-02 20:05:41'),
('542630ba-1c19-4e2d-b736-f842418bcaee', 'Sudan', 'SD', 'sudan', 0, 30364, 0, 1890, 0, 22975, '2021-03-02 20:05:41'),
('54512b16-b9f9-4ac4-9894-79b11b987e03', 'Viet Nam', 'VN', 'vietnam', 0, 2448, 0, 35, 0, 1876, '2021-03-02 20:05:41'),
('54976e28-9688-461f-aabe-96a1eb96edab', 'Myanmar', 'MM', 'myanmar', 0, 141984, 0, 3199, 0, 131539, '2021-03-04 17:42:48'),
('54ad2279-7d99-4f6d-a7bc-72f9e4e43078', 'Egypt', 'EG', 'egypt', 0, 183010, 0, 10736, 0, 141347, '2021-03-02 20:05:41'),
('55a0fd5b-7a4f-4cb4-b589-eb16b1a141d2', 'Marshall Islands', 'MH', 'marshall-islands', 0, 4, 0, 0, 0, 4, '2021-03-04 17:42:48'),
('573193fe-b985-4c6b-869e-2ed592da5ada', 'Niger', 'NE', 'niger', 0, 4740, 0, 172, 0, 4250, '2021-03-04 17:42:48'),
('574fd47b-38bc-4ee5-9e23-ffd097849850', 'Zimbabwe', 'ZW', 'zimbabwe', 0, 36179, 0, 1478, 0, 33392, '2021-03-04 17:42:48'),
('577e59e9-98cb-4169-a927-a38ccd047459', 'Sweden', 'SE', 'sweden', 6179, 675292, 82, 12964, 0, 0, '2021-03-04 17:42:48'),
('583568c1-b43f-4004-8b28-9c867f63ae4d', 'Japan', 'JP', 'japan', 1244, 434944, 63, 8068, 1219, 413178, '2021-03-04 17:42:48'),
('58b7e815-ba4f-408a-84a7-13691c76c425', 'Papua New Guinea', 'PG', 'papua-new-guinea', 0, 1365, 0, 14, 0, 846, '2021-03-02 20:05:41'),
('58c2f33c-f0a0-4901-a977-959142b1453d', 'Qatar', 'QA', 'qatar', 0, 164137, 0, 259, 0, 154061, '2021-03-02 20:05:41'),
('598a691b-4506-48cf-b3ef-4d4a129be08b', 'Venezuela (Bolivarian Republic)', 'VE', 'venezuela', 0, 139545, 0, 1348, 0, 131647, '2021-03-02 20:05:41'),
('59dc0075-0a8e-41c9-832b-eae09dfbe262', 'Lesotho', 'LS', 'lesotho', 0, 10495, 0, 295, 0, 3768, '2021-03-02 20:05:41'),
('59e0dc6e-ba07-47df-b2e7-2c90bf428026', 'Gabon', 'GA', 'gabon', 0, 15254, 0, 88, 0, 13495, '2021-03-04 17:42:48'),
('5a2e0252-e853-4c89-a310-27ed62efed27', 'Hungary', 'HU', 'hungary', 0, 439900, 0, 15324, 0, 326215, '2021-03-04 17:42:48'),
('5ae9bfa6-c802-4d3c-bd2c-7bb486f65a24', 'Bosnia and Herzegovina', 'BA', 'bosnia-and-herzegovina', 0, 133982, 0, 5174, 0, 117396, '2021-03-04 17:42:48'),
('5b7fc340-420e-4ede-8686-7ed81a5cf045', 'Serbia', 'RS', 'serbia', 0, 462728, 0, 4459, 0, 0, '2021-03-02 20:05:41'),
('5bfff978-b234-4118-9773-40a8c55ed191', 'Cambodia', 'KH', 'cambodia', 0, 844, 0, 0, 0, 478, '2021-03-02 20:05:41'),
('5c28e119-8979-4b58-bfdc-ecfa929f5fdf', 'Republic of Kosovo', 'XK', 'kosovo', 0, 68451, 0, 1592, 0, 59440, '2021-03-02 20:05:41'),
('5cd9b5bf-4226-45f5-86fb-d6979d6bb034', 'Viet Nam', 'VN', 'vietnam', 0, 2482, 0, 35, 0, 1898, '2021-03-04 17:42:48'),
('5cec96ee-ff46-43c8-b046-bb5ff8277f8c', 'Costa Rica', 'CR', 'costa-rica', 0, 205086, 0, 2812, 0, 181851, '2021-03-02 20:05:41'),
('5f91aabb-99c3-4269-9052-b23a4f5b76df', 'Vanuatu', 'VU', 'vanuatu', 0, 1, 0, 0, 0, 1, '2021-03-04 17:42:48'),
('5fe45f9e-c7ea-4771-bba1-1cf644be7639', 'Nigeria', 'NG', 'nigeria', 0, 156960, 0, 1939, 0, 135812, '2021-03-04 17:42:48'),
('6152d40f-ada6-4eca-9ec9-8734172de6d4', 'Iceland', 'IS', 'iceland', 0, 6058, 0, 29, 0, 6018, '2021-03-04 17:42:48'),
('61582aa3-7963-4dd2-ab9a-485ef9670673', 'Guyana', 'GY', 'guyana', 0, 8648, 0, 199, 0, 8043, '2021-03-04 17:42:48'),
('61701d98-8744-4b7f-b8e5-fbd89d5eb3ec', 'Latvia', 'LV', 'latvia', 0, 88022, 0, 1654, 0, 77135, '2021-03-04 17:42:48'),
('62833402-2b1a-497f-94e1-a535517525d8', 'Barbados', 'BB', 'barbados', 0, 3163, 0, 37, 0, 2606, '2021-03-04 17:42:48'),
('63354195-501c-4510-903f-25bf9bf6f670', 'Venezuela (Bolivarian Republic)', 'VE', 'venezuela', 0, 140383, 0, 1358, 0, 132503, '2021-03-04 17:42:48'),
('649e4ed6-8df4-4828-9531-b1011b058372', 'Croatia', 'HR', 'croatia', 0, 244205, 0, 5555, 0, 235328, '2021-03-04 17:42:48'),
('65b3b6a7-161c-414f-b316-75f820ef438f', 'Mauritius', 'MU', 'mauritius', 0, 619, 0, 10, 0, 588, '2021-03-02 20:05:41'),
('65bbd039-3bb3-4999-941e-e427ac526960', 'Morocco', 'MA', 'morocco', 0, 483766, 0, 8637, 0, 469345, '2021-03-02 20:05:41'),
('6639ab68-c5bd-4968-974b-817e401743da', 'Cuba', 'CU', 'cuba', 0, 50590, 0, 324, 0, 46106, '2021-03-02 20:05:41'),
('66802659-523b-4ba3-ae64-5b9420d67abd', 'Saint Vincent and Grenadines', 'VC', 'saint-vincent-and-the-grenadines', 0, 1645, 0, 8, 0, 949, '2021-03-04 17:42:48'),
('66d066a2-465e-4765-b90a-1db1dc8bdc70', 'Vanuatu', 'VU', 'vanuatu', 0, 1, 0, 0, 0, 1, '2021-03-02 20:05:41'),
('6adfe0fd-5025-425f-a264-92feb5452c7d', 'Micronesia, Federated States of', 'FM', 'micronesia', 0, 1, 0, 0, 0, 1, '2021-03-04 17:42:48'),
('6af4d1c1-3edb-417f-835d-66648d418f0e', 'Barbados', 'BB', 'barbados', 0, 3115, 0, 36, 0, 2443, '2021-03-02 20:05:41'),
('6c38fce9-8d91-4c3e-9bc8-d038a374c070', 'Sri Lanka', 'LK', 'sri-lanka', 0, 83552, 0, 476, 0, 79422, '2021-03-02 20:05:41'),
('6c6d3d89-d2c1-4540-bf37-7236c734b61f', 'Liechtenstein', 'LI', 'liechtenstein', 0, 2577, 0, 54, 0, 2486, '2021-03-04 17:42:48'),
('6e0771d9-9720-4ccc-853d-7bcb293506d3', 'Dominica', 'DM', 'dominica', 0, 144, 0, 0, 0, 130, '2021-03-04 17:42:48'),
('6e73005e-766d-440a-939c-981c5a00ddfe', 'Timor-Leste', 'TL', 'timor-leste', 0, 113, 0, 0, 0, 90, '2021-03-04 17:42:48'),
('6ef8532d-72f9-462e-9f5c-cd7a47d73889', 'Saint Lucia', 'LC', 'saint-lucia', 0, 3390, 0, 36, 0, 3013, '2021-03-02 20:05:41'),
('6fb4a1ef-85d5-4dc9-9ab5-be1043160785', 'Lebanon', 'LB', 'lebanon', 0, 376938, 0, 4743, 0, 294270, '2021-03-02 20:05:41'),
('70092ba8-3cf8-4bf2-88f0-0790146f606b', 'Cameroon', 'CM', 'cameroon', 0, 35714, 0, 551, 0, 32594, '2021-03-02 20:05:41'),
('704d3b03-828c-43fe-ba22-54432bf24931', 'Grenada', 'GD', 'grenada', 0, 148, 0, 1, 0, 147, '2021-03-04 17:42:48'),
('70959960-375c-4159-9f19-62e306fda3d4', 'Botswana', 'BW', 'botswana', 0, 30727, 0, 332, 0, 24884, '2021-03-02 20:05:41'),
('70d3c125-e2e9-4073-8bde-29a27943d67c', 'Mali', 'ML', 'mali', 0, 8446, 0, 357, 0, 6418, '2021-03-04 17:42:48'),
('71f8d9d6-902a-40d6-9c46-57eebe009cf6', 'India', 'IN', 'india', 17407, 11156923, 89, 157435, 14031, 10826075, '2021-03-04 17:42:48'),
('729ad465-f11c-41ad-910d-65a0c4834250', 'Afghanistan', 'AF', 'afghanistan', 0, 55733, 0, 2444, 0, 49344, '2021-03-02 20:05:41'),
('7300c1bd-0591-4763-9964-eab562d846c1', 'France', 'FR', 'france', 0, 3820369, 0, 86955, 0, 265165, '2021-03-02 20:05:41'),
('732cd7ef-56d1-4fed-94f4-b51b8b405db2', 'Panama', 'PA', 'panama', 0, 342741, 0, 5884, 0, 328945, '2021-03-04 17:42:48'),
('73d2bd13-10b3-4cd5-b305-466f26b5d8c8', 'Eritrea', 'ER', 'eritrea', 0, 2892, 0, 7, 0, 2384, '2021-03-04 17:42:48'),
('75f6a119-95df-4e26-b58d-c09e07f3225f', 'Trinidad and Tobago', 'TT', 'trinidad-and-tobago', 0, 7716, 0, 139, 0, 7474, '2021-03-02 20:05:41'),
('767af552-766b-45f9-abc9-ad265b81c862', 'Honduras', 'HN', 'honduras', 0, 170985, 0, 4174, 0, 66709, '2021-03-02 20:05:41'),
('78311d17-6d80-4fbe-a69e-fa412d30790b', 'Sao Tome and Principe', 'ST', 'sao-tome-and-principe', 0, 1881, 0, 30, 0, 1470, '2021-03-04 17:42:48'),
('7978500f-3f72-4719-b9fc-cdd6400000c7', 'Greece', 'GR', 'greece', 0, 192270, 0, 6534, 0, 93764, '2021-03-02 20:05:41'),
('7aadd4f0-8aee-411e-9fb0-4281769cb857', 'Saudi Arabia', 'SA', 'saudi-arabia', 0, 377700, 0, 6500, 0, 368640, '2021-03-02 20:05:41'),
('7b0f50bc-d4c8-4756-b2d0-23bd3890a817', 'Australia', 'AU', 'australia', 11, 29007, 0, 909, 3, 22920, '2021-03-04 17:42:48'),
('7b5fb2b2-a8e5-4ebe-af6d-7bedf8386f5f', 'Guinea', 'GN', 'guinea', 0, 16005, 0, 89, 0, 14917, '2021-03-02 20:05:41'),
('7b832e90-b216-4675-b667-557de7f10b72', 'Belgium', 'BE', 'belgium', 3264, 777608, 28, 22169, 0, 0, '2021-03-04 17:42:48'),
('7c0612db-9792-4975-b2fe-601050de873e', 'Sao Tome and Principe', 'ST', 'sao-tome-and-principe', 0, 1828, 0, 30, 0, 1413, '2021-03-02 20:05:41'),
('7c9f7b5d-285c-4fe2-ab41-22e844ae7504', 'Ukraine', 'UA', 'ukraine', 4406, 1399934, 76, 27480, 1808, 1214603, '2021-03-02 20:05:41'),
('7dd696ec-1e0a-4879-97b6-7ec09d01a284', 'Peru', 'PE', 'peru', 0, 1338297, 0, 46894, 7361, 1244029, '2021-03-04 17:42:48'),
('7e10aa38-946b-4a91-b8d1-7702baffde48', 'Honduras', 'HN', 'honduras', 0, 172100, 0, 4214, 0, 67239, '2021-03-04 17:42:48'),
('80b59d12-8a85-431b-aaf7-373daa8a5f49', 'United States of America', 'US', 'united-states', 65909, 28759980, 2468, 518453, 0, 0, '2021-03-04 17:42:48'),
('80fed505-df9b-47ec-b937-f02e60fbf2ac', 'Egypt', 'EG', 'egypt', 0, 184168, 0, 10822, 0, 142155, '2021-03-04 17:42:48'),
('819d1691-a39b-4f83-9c8a-d64843ace00d', 'Jordan', 'JO', 'jordan', 0, 397158, 0, 4727, 0, 351256, '2021-03-02 20:05:41'),
('820a2fa9-5d4b-42b5-8fc7-2cadd04c74d0', 'Taiwan, Republic of China', 'TW', 'taiwan', 0, 958, 0, 9, 0, 926, '2021-03-04 17:42:48'),
('8343f13c-fd9b-4efc-9313-397ef5b1cbb6', 'Seychelles', 'SC', 'seychelles', 0, 2688, 0, 11, 0, 2365, '2021-03-02 20:05:41'),
('8349e375-de56-4752-bddb-663e4094c700', 'Myanmar', 'MM', 'myanmar', 0, 141916, 0, 3199, 0, 131487, '2021-03-02 20:05:41'),
('83d41b55-cc0e-4a55-b7aa-bbfad1264f2f', 'Angola', 'AO', 'angola', 0, 20923, 0, 510, 0, 19509, '2021-03-04 17:42:48'),
('850262d5-e150-46de-bbfd-944cb8ed6c92', 'Indonesia', 'ID', 'indonesia', 0, 1341314, 0, 36325, 0, 1151915, '2021-03-02 20:05:41'),
('8572816f-ba2a-4885-bd4b-cfa0121cf80b', 'Ukraine', 'UA', 'ukraine', 7354, 1412748, 194, 27844, 5415, 1225443, '2021-03-04 17:42:48'),
('85ab7d9e-eb07-4d45-9c08-897955312e74', 'Australia', 'AU', 'australia', 8, 28986, 0, 909, 5, 22914, '2021-03-02 20:05:41'),
('86b1c2cc-0244-47e0-a654-70af0c2acfb8', 'Luxembourg', 'LU', 'luxembourg', 0, 55480, 0, 639, 0, 52019, '2021-03-02 20:05:41'),
('8827fe1d-df6f-4551-ade1-76cad8dde151', 'Turkey', 'TR', 'turkey', 0, 2734836, 0, 28771, 0, 2593264, '2021-03-04 17:42:48'),
('887a0a87-226f-45af-a6cd-be42b21b56cc', 'Guinea-Bissau', 'GW', 'guinea-bissau', 0, 3262, 0, 48, 0, 2613, '2021-03-02 20:05:41'),
('8a0b9580-5251-45be-b061-b0224dc02821', 'Russian Federation', 'RU', 'russia', 10416, 4230707, 443, 85901, 15397, 3810327, '2021-03-04 17:42:48'),
('8b6909df-0947-44d4-94f0-89d5ed17c3bd', 'Ghana', 'GH', 'ghana', 0, 84023, 0, 607, 0, 77972, '2021-03-02 20:05:41'),
('8b7808e7-ad99-436a-940d-43fdedea49ca', 'Spain', 'ES', 'spain', 6137, 3136321, 446, 70247, 0, 150376, '2021-03-04 17:42:48'),
('8b9eb206-f176-4f85-935e-c56e3fbfb482', 'Timor-Leste', 'TL', 'timor-leste', 0, 113, 0, 0, 0, 90, '2021-03-02 20:05:41'),
('8bdd2180-f516-406f-8883-1c264ffdd72d', 'Namibia', 'NA', 'namibia', 0, 39297, 0, 434, 0, 36980, '2021-03-04 17:42:48'),
('8cce855f-aadb-4da2-a1a9-86e869f54fc9', 'Belarus', 'BY', 'belarus', 0, 288267, 0, 1985, 0, 278661, '2021-03-02 20:05:41'),
('8dd7c6d6-5b89-4951-b7f8-a4c1d8429dd2', 'Malaysia', 'MY', 'malaysia', 0, 305880, 0, 1148, 0, 280707, '2021-03-04 17:42:48'),
('8e11fecd-b2fa-4494-9c86-cd071de12402', 'Poland', 'PL', 'poland', 0, 1735406, 0, 44360, 0, 1441479, '2021-03-04 17:42:48'),
('8e228e8e-9a9c-4f27-aeec-3f5f8b3e5266', 'Guatemala', 'GT', 'guatemala', 0, 176250, 0, 6427, 0, 163009, '2021-03-04 17:42:48'),
('909e7f16-e6a4-45a9-98f4-78f1707f6e2f', 'Paraguay', 'PY', 'paraguay', 0, 162871, 0, 3239, 0, 136366, '2021-03-04 17:42:48'),
('91592093-e208-4bc3-9f65-0facdf180d21', 'Bangladesh', 'BD', 'bangladesh', 0, 546801, 0, 8416, 0, 497797, '2021-03-02 20:05:41'),
('9172e985-2be3-436d-9776-5d1bde8f13f9', 'Kenya', 'KE', 'kenya', 0, 106125, 0, 1859, 0, 86717, '2021-03-02 20:05:41'),
('91a0d678-3176-4894-8e44-d52c4341bf42', 'Botswana', 'BW', 'botswana', 0, 30727, 0, 332, 0, 24884, '2021-03-04 17:42:48'),
('93e10557-a626-485f-b9cf-57011bb58e99', 'Burundi', 'BI', 'burundi', 0, 2240, 0, 3, 0, 773, '2021-03-04 17:42:48'),
('940e7b0f-5fbf-4eb0-bcc4-8a0563e3af02', 'Djibouti', 'DJ', 'djibouti', 0, 6102, 0, 63, 0, 5920, '2021-03-04 17:42:48'),
('94b2fb7b-937e-4a15-a22b-b79e5758543d', 'Croatia', 'HR', 'croatia', 0, 243064, 0, 5537, 0, 234635, '2021-03-02 20:05:41'),
('96d48b79-3d37-47e1-8591-d47699fc8990', 'Pakistan', 'PK', 'pakistan', 1163, 582528, 42, 12938, 1035, 547406, '2021-03-02 20:05:41'),
('97d1c39f-665d-4908-b8fe-e62e46d268cf', 'Austria', 'AT', 'austria', 0, 460849, 0, 8574, 0, 432016, '2021-03-02 20:05:41'),
('99dfa728-234e-48aa-b10f-b6cac5127fb4', 'Ethiopia', 'ET', 'ethiopia', 0, 159972, 0, 2373, 0, 135177, '2021-03-02 20:05:41'),
('9a5b39ee-2d8e-4125-b2ef-a5058f32b048', 'Bhutan', 'BT', 'bhutan', 0, 867, 0, 1, 0, 865, '2021-03-04 17:42:48'),
('9a8d9f65-c7ff-4531-b8d3-286aa7969dfe', 'China', 'CN', 'china', 25, 100990, 1, 4836, 31, 95677, '2021-03-02 20:05:41'),
('9b2e9e24-60e5-4856-affa-b20fbb2ceabf', 'Serbia', 'RS', 'serbia', 0, 470941, 0, 4491, 0, 0, '2021-03-04 17:42:48'),
('9c03c6ad-34e6-48ac-b65d-167c0e7cf71b', 'Cape Verde', 'CV', 'cape-verde', 0, 15558, 0, 150, 0, 14921, '2021-03-04 17:42:48'),
('9c9fb900-6299-4fa5-b08a-77448adb4769', 'Armenia', 'AM', 'armenia', 0, 172216, 0, 3195, 0, 163511, '2021-03-02 20:05:41'),
('9d3f9627-c837-4489-b4fc-25fe0b9f0310', 'South Sudan', 'SS', 'south-sudan', 0, 8305, 0, 97, 0, 4217, '2021-03-04 17:42:48'),
('9d903713-1d85-478e-8455-34af7fc0ac5f', 'Ireland', 'IE', 'ireland', 0, 220273, 0, 4319, 0, 23364, '2021-03-02 20:05:41'),
('9e7de6e5-0fc7-4a5a-86bc-952e8f77aa1d', 'Togo', 'TG', 'togo', 0, 6933, 0, 85, 0, 5663, '2021-03-02 20:05:41'),
('9e8c033e-ae5b-48f2-b314-3836b79d739a', 'Luxembourg', 'LU', 'luxembourg', 0, 55902, 0, 643, 0, 52185, '2021-03-04 17:42:48'),
('9ef8842b-4e91-4f84-9456-6faebc5d2b91', 'Eritrea', 'ER', 'eritrea', 0, 2866, 0, 7, 0, 2261, '2021-03-02 20:05:41'),
('9f2516d9-2c3b-48f1-891b-e86ae0cee7f3', 'Ghana', 'GH', 'ghana', 0, 84349, 0, 611, 0, 78443, '2021-03-04 17:42:48'),
('a09333af-dc76-4b43-a0ad-772cb6d88819', 'Albania', 'AL', 'albania', 0, 109674, 0, 1856, 0, 72076, '2021-03-04 17:42:48'),
('a0a6cd40-738e-48e5-b257-f0d4d0dcce8e', 'Liechtenstein', 'LI', 'liechtenstein', 0, 2575, 0, 54, 0, 2484, '2021-03-02 20:05:41'),
('a158f817-2093-49ca-92da-ac0fd9f078b5', 'Malaysia', 'MY', 'malaysia', 0, 302580, 0, 1135, 0, 275903, '2021-03-02 20:05:41'),
('a19334f4-8043-41a8-9f56-5bcaea39ab7c', 'Cuba', 'CU', 'cuba', 0, 52501, 0, 333, 0, 47626, '2021-03-04 17:42:48'),
('a24989f8-7506-4884-973c-f3f94c872bec', 'Liberia', 'LR', 'liberia', 0, 2017, 0, 85, 0, 1884, '2021-03-04 17:42:48'),
('a5124f29-07a3-4619-a670-dda19f39468d', 'Slovakia', 'SK', 'slovakia', 0, 308925, 0, 7270, 0, 255300, '2021-03-02 20:05:41'),
('a5739bbc-ce01-4bf9-b5cf-f62274e98906', 'Portugal', 'PT', 'portugal', 0, 804956, 0, 16351, 0, 720235, '2021-03-02 20:05:41'),
('a678df90-34cb-499d-ad2b-800263828fc5', 'Ecuador', 'EC', 'ecuador', 0, 286367, 0, 15832, 0, 247898, '2021-03-02 20:05:41'),
('a681f8e3-28e2-4ced-844e-df6ed60c13f4', 'Guatemala', 'GT', 'guatemala', 0, 174653, 0, 6402, 0, 161816, '2021-03-02 20:05:41'),
('a867d8b4-95d4-46b0-8bb2-9db68d18cb1d', 'Andorra', 'AD', 'andorra', 0, 10948, 0, 112, 0, 10560, '2021-03-04 17:42:48'),
('a8caaff7-678d-4a27-adc9-ba03bc008b4f', 'Montenegro', 'ME', 'montenegro', 0, 76283, 0, 1015, 0, 66710, '2021-03-02 20:05:41'),
('a968e95a-68db-4384-8e7d-f55dd7c77c1b', 'Guyana', 'GY', 'guyana', 0, 8595, 0, 197, 0, 7993, '2021-03-02 20:05:41'),
('a96f7ba8-1869-4a88-822e-e63a2bb88ba3', 'Lesotho', 'LS', 'lesotho', 0, 10521, 0, 305, 0, 3888, '2021-03-04 17:42:48'),
('a9b5df4d-75c2-465e-86b9-be9be33b3723', 'Kuwait', 'KW', 'kuwait', 0, 194781, 0, 1097, 0, 182196, '2021-03-04 17:42:48'),
('abb6c8b2-aa95-44df-b328-e9170bf784fc', 'Holy See (Vatican City State)', 'VA', 'holy-see-vatican-city-state', 0, 27, 0, 0, 0, 15, '2021-03-04 17:42:48'),
('ac04275b-aeb1-45ad-b6ac-2b11edb7cdfa', 'Cameroon', 'CM', 'cameroon', 0, 35714, 0, 551, 0, 32594, '2021-03-04 17:42:48'),
('ac85385c-a6b2-446a-814e-557f37933281', 'Comoros', 'KM', 'comoros', 0, 3578, 0, 144, 0, 3331, '2021-03-02 20:05:41'),
('ad53cf54-3c47-4f06-aac9-47fad5550eab', 'Suriname', 'SR', 'suriname', 0, 8953, 0, 173, 0, 8439, '2021-03-04 17:42:48'),
('adbad4a3-32fd-49c5-96ab-d8e7ee6a7eed', 'Tunisia', 'TN', 'tunisia', 0, 235008, 0, 8074, 0, 200229, '2021-03-04 17:42:48'),
('ae285f07-71fe-4e70-b72e-47fd51c62e33', 'Mongolia', 'MN', 'mongolia', 0, 3076, 0, 2, 0, 2415, '2021-03-04 17:42:48'),
('aeb8fdb9-4983-4216-98e2-abacc33a3121', 'Mexico', 'MX', 'mexico', 2343, 2089281, 437, 186152, 6043, 1639943, '2021-03-02 20:05:41'),
('b111fbec-8f63-45fd-b58d-617ae03ec617', 'Romania', 'RO', 'romania', 0, 804090, 0, 20403, 0, 741471, '2021-03-02 20:05:41'),
('b1f19741-838a-4d58-8136-f67f22677c0b', 'Madagascar', 'MG', 'madagascar', 0, 19831, 0, 297, 0, 19296, '2021-03-04 17:42:48'),
('b2403d86-ac08-4004-92ea-351429228bd6', 'Tanzania, United Republic of', 'TZ', 'tanzania', 0, 509, 0, 21, 0, 183, '2021-03-04 17:42:48'),
('b27fa05b-581b-48b8-a098-ddcd2125771e', 'Djibouti', 'DJ', 'djibouti', 0, 6087, 0, 63, 0, 5898, '2021-03-02 20:05:41'),
('b297e91a-3717-4d5c-bdc6-425e281cfef5', 'El Salvador', 'SV', 'el-salvador', 0, 60491, 0, 1878, 0, 56339, '2021-03-04 17:42:48'),
('b3a60fc5-6bb9-44ff-9376-a781124f640f', 'Iran, Islamic Republic of', 'IR', 'iran', 0, 1656699, 0, 60353, 0, 1413717, '2021-03-04 17:42:48'),
('b4c24735-bd80-4a78-b28e-a677068a5ead', 'Slovenia', 'SI', 'slovenia', 0, 190324, 0, 3854, 0, 175210, '2021-03-02 20:05:41'),
('b5c3cdf3-5a09-45d6-9317-4c91aa3011a5', 'Sudan', 'SD', 'sudan', 0, 30479, 0, 1895, 0, 23084, '2021-03-04 17:42:48'),
('b5eeb9d3-81b9-45c1-9142-a2723e684846', 'Colombia', 'CO', 'colombia', 3570, 2255260, 100, 59866, 3384, 2151633, '2021-03-02 20:05:41'),
('b6473f2d-5f4a-4a5e-b66f-a2a166413d57', 'Senegal', 'SN', 'senegal', 0, 34732, 0, 880, 0, 29161, '2021-03-02 20:05:41'),
('b6ee38ad-173a-45b1-9ff1-884146b6cc82', 'Andorra', 'AD', 'andorra', 0, 10889, 0, 110, 0, 10475, '2021-03-02 20:05:41'),
('b72aa58d-6bee-412d-96fb-cbcf37697ba2', 'Macedonia, Republic of', 'MK', 'macedonia', 0, 103020, 0, 3144, 0, 91507, '2021-03-02 20:05:41'),
('b79130cf-1f16-4ae8-ad7e-2acccd281e08', 'Gabon', 'GA', 'gabon', 0, 14849, 0, 87, 0, 13288, '2021-03-02 20:05:41'),
('b837d0ca-b6eb-4025-bd9f-b83be3457829', 'Guinea', 'GN', 'guinea', 0, 16291, 0, 92, 0, 15068, '2021-03-04 17:42:48'),
('b868db33-f594-477f-9004-320a481da0dc', 'Thailand', 'TH', 'thailand', 0, 26031, 0, 83, 0, 25324, '2021-03-02 20:05:41'),
('b880790e-c515-4bbe-9bb5-988538501be1', 'Lithuania', 'LT', 'lithuania', 0, 200351, 0, 3281, 0, 186209, '2021-03-04 17:42:48'),
('bc5d739d-3682-42cb-a0e1-1d6038756801', 'Iraq', 'IQ', 'iraq', 0, 708951, 0, 13483, 0, 646619, '2021-03-04 17:42:48'),
('bc98ce4d-2a2f-47bc-9de5-1f56ff3f8fc2', 'Congo (Kinshasa)', 'CD', 'congo-kinshasa', 0, 26247, 0, 711, 0, 20601, '2021-03-04 17:42:48'),
('bccc3d3b-df5c-4e5d-bf37-f5f578d9e284', 'Moldova', 'MD', 'moldova', 0, 186447, 0, 3975, 0, 166833, '2021-03-02 20:05:41'),
('bd4fceff-e7c6-4225-b9be-481a34816c4f', 'Georgia', 'GE', 'georgia', 0, 270918, 0, 3520, 0, 265523, '2021-03-02 20:05:41'),
('bdb0abb3-6721-4af0-9674-06413bd1f48d', 'Libya', 'LY', 'libya', 0, 135585, 0, 2219, 0, 123003, '2021-03-04 17:42:48'),
('beb78e84-2f90-42f4-9b5d-1757d1836b0b', 'India', 'IN', 'india', 12286, 11124527, 91, 157248, 12469, 10798921, '2021-03-02 20:05:41'),
('bf4c9f07-4abb-441f-9e0e-9497b19d9b66', 'Cambodia', 'KH', 'cambodia', 0, 909, 0, 0, 0, 484, '2021-03-04 17:42:48'),
('c023dc00-f2aa-4faa-88aa-9476d2f8ff96', 'Austria', 'AT', 'austria', 0, 465322, 0, 8625, 0, 435669, '2021-03-04 17:42:48'),
('c0c879a3-d773-4071-b570-1d4878d070eb', 'Solomon Islands', 'SB', 'solomon-islands', 0, 18, 0, 0, 0, 14, '2021-03-04 17:42:48'),
('c1053f16-75dd-416a-97fe-c11c8a4a9cd7', 'Belarus', 'BY', 'belarus', 0, 290447, 0, 2002, 0, 280766, '2021-03-04 17:42:48'),
('c2cdbc3f-7cb0-4bc6-b905-76d2bb20397e', 'Uganda', 'UG', 'uganda', 0, 40367, 0, 334, 0, 14989, '2021-03-02 20:05:41'),
('c2d75c75-e984-4ca5-8676-c158aa8b8ccf', 'Netherlands', 'NL', 'netherlands', 4997, 1101430, 48, 15697, 0, 0, '2021-03-04 17:42:48'),
('c339c51b-e92b-46f8-bebc-651c1ccd80c9', 'Bosnia and Herzegovina', 'BA', 'bosnia-and-herzegovina', 0, 130979, 0, 5071, 0, 115847, '2021-03-02 20:05:41'),
('c513dd18-cecc-4ad2-86ed-9159e7faf10a', 'Indonesia', 'ID', 'indonesia', 0, 1353834, 0, 36721, 0, 1169916, '2021-03-04 17:42:48'),
('c519e28b-502d-4d9e-a9a5-be6fae9219c7', 'Ecuador', 'EC', 'ecuador', 0, 289472, 0, 15921, 0, 247898, '2021-03-04 17:42:48'),
('c65bd477-4f05-4cf5-a308-44ad1f6e88ad', 'Côte d\'Ivoire', 'CI', 'cote-divoire', 0, 32791, 0, 193, 0, 31712, '2021-03-02 20:05:41'),
('c6befd5c-63c6-4630-973a-7a1fcb5dbeca', 'Haiti', 'HT', 'haiti', 0, 12531, 0, 250, 0, 9828, '2021-03-04 17:42:48'),
('c708f3a1-7929-414a-af7f-6d55690d0d36', 'Albania', 'AL', 'albania', 0, 107931, 0, 1816, 0, 70413, '2021-03-02 20:05:41'),
('c74ab8f1-4b43-49ef-b105-637a707d6542', 'Brazil', 'BR', 'brazil', 35742, 10587001, 778, 255720, 55295, 9437611, '2021-03-02 20:05:41'),
('c8d1d331-c361-424f-8f75-a70cee2a64c1', 'Bahamas', 'BS', 'bahamas', 0, 8573, 0, 181, 0, 7398, '2021-03-04 17:42:48'),
('c9755973-675e-4195-8d99-afe902892586', 'Saint Vincent and Grenadines', 'VC', 'saint-vincent-and-the-grenadines', 0, 1628, 0, 8, 0, 938, '2021-03-02 20:05:41'),
('c98b717c-60ee-4e1f-8ee6-de7e24c5bd98', 'Iran, Islamic Republic of', 'IR', 'iran', 0, 1639679, 0, 60181, 0, 1399934, '2021-03-02 20:05:41'),
('c98b750f-f9c5-40d2-a6db-3b620e899000', 'Angola', 'AO', 'angola', 0, 20854, 0, 508, 0, 19400, '2021-03-02 20:05:41'),
('caf3e0fb-c509-4a22-b0be-0190ca595cc6', 'Algeria', 'DZ', 'algeria', 0, 113593, 0, 2996, 0, 78524, '2021-03-04 17:42:48'),
('cbb3f94b-59a4-49db-997c-4af926cd4268', 'Chile', 'CL', 'chile', 5145, 829770, 88, 20660, 3683, 784213, '2021-03-02 20:05:41'),
('cc8233fd-7645-47dd-b39c-84abf3bdd6e0', 'Denmark', 'DK', 'denmark', 0, 213486, 0, 2371, 0, 204120, '2021-03-04 17:42:48'),
('cf0b0692-9c94-4243-95e5-d8a9e56e9a04', 'Kuwait', 'KW', 'kuwait', 0, 192031, 0, 1085, 0, 180155, '2021-03-02 20:05:41'),
('cf7a8f46-e3f6-4c9d-8e86-7ab6d96a9324', 'Zambia', 'ZM', 'zambia', 0, 80090, 0, 1108, 0, 76299, '2021-03-04 17:42:48'),
('d071557c-82c2-4ab8-8295-12377d938995', 'Uruguay', 'UY', 'uruguay', 0, 60074, 0, 624, 0, 51978, '2021-03-04 17:42:48'),
('d09ab29d-6a3d-45e9-99ef-4a2f49ce5f82', 'China', 'CN', 'china', 24, 101037, 0, 4836, 34, 95752, '2021-03-04 17:42:48'),
('d0ea1425-1d57-4319-9db4-2aad6a262a43', 'Mali', 'ML', 'mali', 0, 8390, 0, 355, 0, 6408, '2021-03-02 20:05:41'),
('d0f9bbc6-08a8-4e02-9f0d-892334d684f5', 'Namibia', 'NA', 'namibia', 0, 39033, 0, 428, 0, 36335, '2021-03-02 20:05:41'),
('d14cf992-941b-42a1-8e3c-f82a9da3b0ad', 'Paraguay', 'PY', 'paraguay', 0, 160448, 0, 3198, 0, 134392, '2021-03-02 20:05:41'),
('d295c01d-8402-4170-9e85-9fa9bd5e42c5', 'Iraq', 'IQ', 'iraq', 0, 699088, 0, 13428, 0, 639639, '2021-03-02 20:05:41'),
('d3761030-20fa-441a-99ec-605822f4d932', 'Israel', 'IL', 'israel', 0, 789485, 0, 5803, 0, 740941, '2021-03-04 17:42:48'),
('d426cafc-468b-499e-8bfc-0462c920c35d', 'Dominican Republic', 'DO', 'dominican-republic', 0, 239998, 0, 3106, 0, 192078, '2021-03-02 20:05:41'),
('d56334f9-839c-4d6d-a1e8-704d4af10a30', 'Malta', 'MT', 'malta', 0, 22657, 0, 316, 0, 19663, '2021-03-02 20:05:41'),
('d5b76e16-d1b8-4c4b-9f36-636e8db11e4b', 'Fiji', 'FJ', 'fiji', 0, 63, 0, 2, 0, 54, '2021-03-04 17:42:48'),
('d638463f-7a9e-4b80-b1b4-0bdcb984656f', 'Burkina Faso', 'BF', 'burkina-faso', 0, 12071, 0, 143, 0, 11657, '2021-03-04 17:42:48'),
('d90edd09-afde-47d9-81dd-8c54542600dc', 'Hungary', 'HU', 'hungary', 0, 432925, 0, 15058, 0, 322956, '2021-03-02 20:05:41'),
('d9109af6-ccf4-4082-b839-1c48e2e0fb8b', 'Nicaragua', 'NI', 'nicaragua', 0, 6445, 0, 173, 0, 4225, '2021-03-02 20:05:41'),
('d9cc3bff-bfbf-4abf-a7ff-68fd63b4a786', 'Antigua and Barbuda', 'AG', 'antigua-and-barbuda', 0, 769, 0, 19, 0, 309, '2021-03-04 17:42:48'),
('dd4ed4f2-e087-4e20-92f8-93857d9e2778', 'Tanzania, United Republic of', 'TZ', 'tanzania', 0, 509, 0, 21, 0, 183, '2021-03-02 20:05:41'),
('de5111bd-70e1-48c5-bad5-ed94f8c011f7', 'Norway', 'NO', 'norway', 0, 72923, 0, 632, 0, 17998, '2021-03-04 17:42:48'),
('df5176e1-7eeb-4411-b5b0-87637d10ab0a', 'Bolivia', 'BO', 'bolivia', 0, 249767, 0, 11666, 0, 193652, '2021-03-02 20:05:41'),
('e0470ed0-64bb-4a38-b6c9-e4849b63808f', 'Qatar', 'QA', 'qatar', 0, 165071, 0, 260, 0, 154752, '2021-03-04 17:42:48'),
('e1a34b07-eb81-42b0-beb6-873ee5a3bbca', 'Kazakhstan', 'KZ', 'kazakhstan', 0, 263396, 0, 3168, 0, 240302, '2021-03-02 20:05:41'),
('e275d3ec-91eb-4941-91aa-d1e26f49d014', 'San Marino', 'SM', 'san-marino', 0, 3829, 0, 75, 0, 3345, '2021-03-04 17:42:48'),
('e2835122-8631-4639-a65b-a6f024661d62', 'Maldives', 'MV', 'maldives', 0, 19979, 0, 62, 0, 17343, '2021-03-02 20:05:41'),
('e33012ca-a7c4-4376-aba4-029ff1c834b5', 'Mauritania', 'MR', 'mauritania', 0, 17252, 0, 442, 0, 16620, '2021-03-04 17:42:48'),
('e38bb993-04a2-4193-9ea6-bcd4dda2c4d8', 'Armenia', 'AM', 'armenia', 0, 172816, 0, 3202, 0, 163906, '2021-03-04 17:42:48'),
('e3e2e068-07ec-4335-b537-f3dc73c55663', 'Montenegro', 'ME', 'montenegro', 0, 77493, 0, 1031, 0, 67687, '2021-03-04 17:42:48'),
('e65c75ea-8aad-4043-a8d3-1b1bdc0fe9ca', 'United States of America', 'US', 'united-states', 58812, 28664481, 1566, 514657, 0, 0, '2021-03-02 20:05:41'),
('e690769f-8569-4ba0-b78b-9a9468b3780a', 'Burkina Faso', 'BF', 'burkina-faso', 0, 12030, 0, 143, 0, 11588, '2021-03-02 20:05:41'),
('e6cf1bcc-3e54-4c5b-9a20-e5611fd3c91f', 'Belize', 'BZ', 'belize', 0, 12313, 0, 315, 0, 11860, '2021-03-02 20:05:41'),
('e76be4b4-fa4e-43f1-a1c4-fa9cac1d46ec', 'Samoa', 'WS', 'samoa', 0, 3, 0, 0, 0, 2, '2021-03-04 17:42:48'),
('e789ebc9-596b-4d9c-b921-2e90a074718f', 'Congo (Brazzaville)', 'CG', 'congo-brazzaville', 0, 8820, 0, 128, 0, 7019, '2021-03-04 17:42:48'),
('e832bc79-2fec-4f69-bb85-a53ca27d768e', 'United Arab Emirates', 'AE', 'united-arab-emirates', 0, 399463, 0, 1269, 0, 385587, '2021-03-04 17:42:48'),
('e8850c28-d425-424c-8323-034ea3f3b560', 'Nepal', 'NP', 'nepal', 0, 274216, 0, 2777, 0, 270471, '2021-03-02 20:05:41'),
('e89106fd-dd17-464c-a418-ba8a9a10627a', 'Czech Republic', 'CZ', 'czech-republic', 0, 1240051, 0, 20469, 0, 1070622, '2021-03-02 20:05:41'),
('e94b10ca-4710-403b-81ad-7c276ecc1196', 'Holy See (Vatican City State)', 'VA', 'holy-see-vatican-city-state', 0, 27, 0, 0, 0, 15, '2021-03-02 20:05:41'),
('e96b9338-fd3c-459f-b858-408c8b3c5eaf', 'Equatorial Guinea', 'GQ', 'equatorial-guinea', 0, 6095, 0, 92, 0, 5632, '2021-03-02 20:05:41'),
('e99a2b9f-b438-4683-9c08-85ef5575bcce', 'Afghanistan', 'AF', 'afghanistan', 0, 55770, 0, 2446, 0, 49359, '2021-03-04 17:42:48'),
('eb3978ac-c148-4631-b2e8-51c3dd1eca45', 'Slovenia', 'SI', 'slovenia', 0, 192266, 0, 3874, 0, 177641, '2021-03-04 17:42:48'),
('ebf120bd-d906-4071-b077-96b4e8292355', 'Bahrain', 'BH', 'bahrain', 0, 123039, 0, 452, 0, 115895, '2021-03-02 20:05:41'),
('ecf58097-2171-4c90-add2-2221a9658da3', 'Central African Republic', 'CF', 'central-african-republic', 0, 5004, 0, 63, 0, 4920, '2021-03-02 20:05:41'),
('ede1a605-da66-455f-9a77-6fabe1410cee', 'Moldova', 'MD', 'moldova', 0, 189397, 0, 4026, 0, 168143, '2021-03-04 17:42:48'),
('ee768340-fa33-4e07-a666-59c4037b0b33', 'Maldives', 'MV', 'maldives', 0, 20280, 0, 63, 0, 17595, '2021-03-04 17:42:48'),
('eeee76eb-4252-4268-8459-63b4d3cf1152', 'Singapore', 'SG', 'singapore', 0, 59948, 0, 29, 0, 59830, '2021-03-02 20:05:41'),
('f1e80af6-a407-42fe-be17-b6bf677c44b8', 'Azerbaijan', 'AZ', 'azerbaijan', 0, 235333, 0, 3230, 0, 229143, '2021-03-04 17:42:48'),
('f1f14852-a3ab-4677-851a-c722194d0849', 'Philippines', 'PH', 'philippines', 0, 578381, 0, 12322, 0, 534351, '2021-03-02 20:05:41'),
('f21f7f72-55da-44fb-b7e1-1b8c5dcb3ca5', 'Tunisia', 'TN', 'tunisia', 0, 233669, 0, 8022, 0, 198778, '2021-03-02 20:05:41'),
('f299b788-ddab-4454-9baa-097b121505dc', 'Costa Rica', 'CR', 'costa-rica', 0, 205890, 0, 2824, 0, 185045, '2021-03-04 17:42:48'),
('f2d5a07b-a8d8-497b-a7bb-bc200cbd6bd8', 'Brunei Darussalam', 'BN', 'brunei', 0, 186, 0, 3, 0, 181, '2021-03-02 20:05:41'),
('f301d03f-448b-4655-be1a-28241b5f4d9a', 'Argentina', 'AR', 'argentina', 0, 2126531, 0, 52453, 0, 1921589, '2021-03-04 17:42:48'),
('f30643e2-0460-41fb-957d-c4fbe5e1510c', 'Saint Kitts and Nevis', 'KN', 'saint-kitts-and-nevis', 0, 41, 0, 0, 0, 40, '2021-03-02 20:05:41'),
('f31df9ed-44eb-4051-b279-4ba2aaf93d90', 'Estonia', 'EE', 'estonia', 0, 66628, 0, 598, 0, 50103, '2021-03-02 20:05:41'),
('f3b1ec1a-93c2-4683-9359-eb2bf6d3ce72', 'Thailand', 'TH', 'thailand', 0, 26108, 0, 85, 0, 25562, '2021-03-04 17:42:48'),
('f4b4f328-de6e-4fc5-9686-b51dc8568826', 'Greece', 'GR', 'greece', 0, 197279, 0, 6597, 0, 93764, '2021-03-04 17:42:48'),
('f5281deb-f279-4952-ba34-297102d53b6c', 'Somalia', 'SO', 'somalia', 0, 7727, 0, 260, 0, 3867, '2021-03-04 17:42:48'),
('f58022e4-6069-494c-8300-49098f34967a', 'Malta', 'MT', 'malta', 0, 23226, 0, 321, 0, 19905, '2021-03-04 17:42:48'),
('f745a76c-4519-4511-a4e4-0ce239368175', 'Belize', 'BZ', 'belize', 0, 12328, 0, 315, 0, 11895, '2021-03-04 17:42:48'),
('f7ad5f91-ba35-4d89-9cb1-dcb569f0a83d', 'Ethiopia', 'ET', 'ethiopia', 0, 161974, 0, 2391, 0, 136443, '2021-03-04 17:42:48'),
('f7fb20f7-0f97-4f34-9498-973aa499c785', 'Germany', 'DE', 'germany', 5274, 2455569, 362, 70514, 1171, 2260719, '2021-03-02 20:05:41'),
('f9d5f222-d8e7-4f2e-a161-d0733b6b8d28', 'Equatorial Guinea', 'GQ', 'equatorial-guinea', 0, 6210, 0, 93, 0, 5690, '2021-03-04 17:42:48'),
('f9f3caaf-6f34-4fbb-83e8-58cc64c5d6cc', 'Oman', 'OM', 'oman', 0, 141808, 0, 1577, 0, 132685, '2021-03-02 20:05:41'),
('fc687fd7-9974-4124-9953-3a64c50cb517', 'Saudi Arabia', 'SA', 'saudi-arabia', 0, 378333, 0, 6510, 0, 369277, '2021-03-04 17:42:48'),
('fda32f80-bd81-460b-9575-9ad21ff65ab9', 'Netherlands', 'NL', 'netherlands', 3762, 1092452, 21, 15584, 0, 0, '2021-03-02 20:05:41'),
('fdde73a3-b7ff-4167-b067-1a20def019fe', 'Ireland', 'IE', 'ireland', 0, 221189, 0, 4357, 0, 23364, '2021-03-04 17:42:48'),
('fea812f0-d53c-4a66-bffa-53050d141f8d', 'Colombia', 'CO', 'colombia', 3047, 2262646, 110, 60082, 4498, 2160555, '2021-03-04 17:42:48'),
('ff866ba9-84b6-45ff-8f2b-5df9877f6fbc', 'Solomon Islands', 'SB', 'solomon-islands', 0, 18, 0, 0, 0, 14, '2021-03-02 20:05:41'),
('fff1d72b-b3f3-4db4-b262-de88b6179411', 'France', 'FR', 'france', 0, 3870144, 0, 87695, 0, 268073, '2021-03-04 17:42:48'),
('fffbf1ec-aebd-42af-a25c-586818cacf64', 'Iceland', 'IS', 'iceland', 0, 6054, 0, 29, 0, 6012, '2021-03-02 20:05:41');

-- --------------------------------------------------------

--
-- Struttura della tabella `totalfromdayone`
--

CREATE TABLE `totalfromdayone` (
  `Country` varchar(150) NOT NULL,
  `CountryCode` varchar(2) NOT NULL,
  `Province` varchar(100) NOT NULL,
  `City` varchar(100) NOT NULL,
  `CityCode` varchar(30) NOT NULL,
  `Lat` varchar(50) NOT NULL,
  `Lon` varchar(50) NOT NULL,
  `Confirmed` bigint(20) NOT NULL,
  `Deaths` bigint(20) NOT NULL,
  `Recovered` bigint(20) NOT NULL,
  `Active` bigint(20) NOT NULL,
  `Date` date NOT NULL
) ENGINE=InnoDB DEFAULT CHARSET=latin1;

--
-- Dump dei dati per la tabella `totalfromdayone`
--

INSERT INTO `totalfromdayone` (`Country`, `CountryCode`, `Province`, `City`, `CityCode`, `Lat`, `Lon`, `Confirmed`, `Deaths`, `Recovered`, `Active`, `Date`) VALUES
('France', '', '', '', '', '0', '0', 2, 0, 0, 2, '2020-01-24'),
('France', '', '', '', '', '0', '0', 3, 0, 0, 3, '2020-01-25'),
('France', '', '', '', '', '0', '0', 3, 0, 0, 3, '2020-01-26'),
('France', '', '', '', '', '0', '0', 3, 0, 0, 3, '2020-01-27'),
('France', '', '', '', '', '0', '0', 4, 0, 0, 4, '2020-01-28'),
('France', '', '', '', '', '0', '0', 5, 0, 0, 5, '2020-01-29'),
('France', '', '', '', '', '0', '0', 5, 0, 0, 5, '2020-01-30'),
('France', '', '', '', '', '0', '0', 5, 0, 0, 5, '2020-01-31'),
('France', '', '', '', '', '0', '0', 6, 0, 0, 6, '2020-02-01'),
('France', '', '', '', '', '0', '0', 6, 0, 0, 6, '2020-02-02'),
('France', '', '', '', '', '0', '0', 6, 0, 0, 6, '2020-02-03'),
('France', '', '', '', '', '0', '0', 6, 0, 0, 6, '2020-02-04'),
('France', '', '', '', '', '0', '0', 6, 0, 0, 6, '2020-02-05'),
('France', '', '', '', '', '0', '0', 6, 0, 0, 6, '2020-02-06'),
('France', '', '', '', '', '0', '0', 6, 0, 0, 6, '2020-02-07'),
('France', '', '', '', '', '0', '0', 11, 0, 0, 11, '2020-02-08'),
('France', '', '', '', '', '0', '0', 11, 0, 0, 11, '2020-02-09'),
('France', '', '', '', '', '0', '0', 11, 0, 0, 11, '2020-02-10'),
('France', '', '', '', '', '0', '0', 11, 0, 0, 11, '2020-02-11'),
('France', '', '', '', '', '0', '0', 11, 0, 2, 9, '2020-02-12'),
('France', '', '', '', '', '0', '0', 11, 0, 2, 9, '2020-02-13'),
('France', '', '', '', '', '0', '0', 11, 0, 2, 9, '2020-02-14'),
('France', '', '', '', '', '0', '0', 12, 1, 4, 7, '2020-02-15'),
('France', '', '', '', '', '0', '0', 12, 1, 4, 7, '2020-02-16'),
('France', '', '', '', '', '0', '0', 12, 1, 4, 7, '2020-02-17'),
('France', '', '', '', '', '0', '0', 12, 1, 4, 7, '2020-02-18'),
('France', '', '', '', '', '0', '0', 12, 1, 4, 7, '2020-02-19'),
('France', '', '', '', '', '0', '0', 12, 1, 4, 7, '2020-02-20'),
('France', '', '', '', '', '0', '0', 12, 1, 4, 7, '2020-02-21'),
('France', '', '', '', '', '0', '0', 12, 1, 4, 7, '2020-02-22'),
('France', '', '', '', '', '0', '0', 12, 1, 4, 7, '2020-02-23'),
('France', '', '', '', '', '0', '0', 12, 1, 4, 7, '2020-02-24'),
('France', '', '', '', '', '0', '0', 14, 1, 11, 2, '2020-02-25'),
('France', '', '', '', '', '0', '0', 18, 2, 11, 5, '2020-02-26'),
('France', '', '', '', '', '0', '0', 38, 2, 11, 25, '2020-02-27'),
('France', '', '', '', '', '0', '0', 57, 2, 11, 44, '2020-02-28'),
('France', '', '', '', '', '0', '0', 100, 2, 12, 86, '2020-02-29'),
('France', '', '', '', '', '0', '0', 130, 2, 12, 116, '2020-03-01'),
('France', '', '', '', '', '0', '0', 191, 3, 12, 176, '2020-03-02'),
('France', '', '', '', '', '0', '0', 212, 4, 12, 196, '2020-03-03'),
('France', '', '', '', '', '0', '0', 288, 4, 12, 272, '2020-03-04'),
('France', '', '', '', '', '0', '0', 426, 7, 12, 407, '2020-03-05'),
('France', '', '', '', '', '0', '0', 616, 9, 12, 595, '2020-03-06'),
('France', '', '', '', '', '0', '0', 948, 16, 12, 920, '2020-03-07'),
('France', '', '', '', '', '0', '0', 1125, 19, 12, 1094, '2020-03-08'),
('France', '', '', '', '', '0', '0', 1411, 25, 12, 1374, '2020-03-09'),
('France', '', '', '', '', '0', '0', 1783, 33, 12, 1738, '2020-03-10'),
('France', '', '', '', '', '0', '0', 2293, 48, 12, 2233, '2020-03-11'),
('France', '', '', '', '', '0', '0', 2293, 48, 12, 2233, '2020-03-12'),
('France', '', '', '', '', '0', '0', 3681, 79, 12, 3590, '2020-03-13'),
('France', '', '', '', '', '0', '0', 4496, 91, 12, 4393, '2020-03-14'),
('France', '', '', '', '', '0', '0', 4532, 91, 12, 4429, '2020-03-15'),
('France', '', '', '', '', '0', '0', 6683, 149, 12, 6522, '2020-03-16'),
('France', '', '', '', '', '0', '0', 7715, 149, 12, 7554, '2020-03-17'),
('France', '', '', '', '', '0', '0', 9124, 149, 12, 8963, '2020-03-18'),
('France', '', '', '', '', '0', '0', 10970, 244, 12, 10714, '2020-03-19'),
('France', '', '', '', '', '0', '0', 12758, 451, 12, 12295, '2020-03-20'),
('France', '', '', '', '', '0', '0', 14463, 563, 12, 13888, '2020-03-21'),
('France', '', '', '', '', '0', '0', 16758, 676, 2206, 13876, '2020-03-22'),
('France', '', '', '', '', '0', '0', 20123, 862, 2206, 17055, '2020-03-23'),
('France', '', '', '', '', '0', '0', 22372, 1102, 3250, 18020, '2020-03-24'),
('France', '', '', '', '', '0', '0', 25334, 1333, 3907, 20094, '2020-03-25'),
('France', '', '', '', '', '0', '0', 29252, 1697, 4955, 22600, '2020-03-26'),
('France', '', '', '', '', '0', '0', 33047, 1996, 5707, 25344, '2020-03-27'),
('France', '', '', '', '', '0', '0', 37692, 2314, 5724, 29654, '2020-03-28'),
('France', '', '', '', '', '0', '0', 40295, 2608, 7226, 30461, '2020-03-29'),
('France', '', '', '', '', '0', '0', 44649, 3026, 7964, 33659, '2020-03-30'),
('France', '', '', '', '', '0', '0', 52278, 3526, 9513, 39239, '2020-03-31'),
('France', '', '', '', '', '0', '0', 57122, 4778, 11053, 41291, '2020-04-01'),
('France', '', '', '', '', '0', '0', 59228, 5387, 12548, 41293, '2020-04-02'),
('France', '', '', '', '', '0', '0', 64452, 6509, 14135, 43808, '2020-04-03'),
('France', '', '', '', '', '0', '0', 47378, 7562, 15572, 24244, '2020-04-04'),
('France', '', '', '', '', '0', '0', 48233, 8081, 16349, 23803, '2020-04-05'),
('France', '', '', '', '', '0', '0', 50887, 8914, 17428, 24545, '2020-04-06'),
('France', '', '', '', '', '0', '0', 47396, 10330, 19523, 17543, '2020-04-07'),
('France', '', '', '', '', '0', '0', 51251, 10874, 21452, 18925, '2020-04-08'),
('France', '', '', '', '', '0', '0', 55035, 12214, 23413, 19408, '2020-04-09'),
('France', '', '', '', '', '0', '0', 56600, 13199, 25195, 18206, '2020-04-10'),
('France', '', '', '', '', '0', '0', 58045, 13835, 26663, 17547, '2020-04-11'),
('France', '', '', '', '', '0', '0', 108791, 14396, 27469, 66926, '2020-04-12'),
('France', '', '', '', '', '0', '0', 111932, 14969, 28001, 68962, '2020-04-13'),
('France', '', '', '', '', '0', '0', 129380, 15712, 28805, 84863, '2020-04-14'),
('France', '', '', '', '', '0', '0', 132588, 17150, 30955, 84483, '2020-04-15'),
('France', '', '', '', '', '0', '0', 145166, 17903, 32812, 94451, '2020-04-16'),
('France', '', '', '', '', '0', '0', 147057, 18664, 34420, 93973, '2020-04-17'),
('France', '', '', '', '', '0', '0', 150863, 19305, 35983, 95575, '2020-04-18'),
('France', '', '', '', '', '0', '0', 151955, 19694, 36578, 95683, '2020-04-19'),
('France', '', '', '', '', '0', '0', 154402, 20241, 37409, 96752, '2020-04-20'),
('France', '', '', '', '', '0', '0', 157068, 20769, 39181, 97118, '2020-04-21'),
('France', '', '', '', '', '0', '0', 158868, 21313, 40657, 96898, '2020-04-22'),
('France', '', '', '', '', '0', '0', 157158, 21829, 42088, 93241, '2020-04-23'),
('France', '', '', '', '', '0', '0', 159969, 22219, 43493, 94257, '2020-04-24'),
('France', '', '', '', '', '0', '0', 161647, 22588, 44594, 94465, '2020-04-25'),
('France', '', '', '', '', '0', '0', 162280, 22830, 44903, 94547, '2020-04-26'),
('France', '', '', '', '', '0', '0', 165966, 23267, 45513, 97186, '2020-04-27'),
('France', '', '', '', '', '0', '0', 169098, 23634, 46886, 98578, '2020-04-28'),
('France', '', '', '', '', '0', '0', 167643, 24060, 48228, 95355, '2020-04-29'),
('France', '', '', '', '', '0', '0', 168861, 24349, 49476, 95036, '2020-04-30'),
('France', '', '', '', '', '0', '0', 169387, 24566, 50212, 94609, '2020-05-01'),
('France', '', '', '', '', '0', '0', 170179, 24763, 50663, 94753, '2020-05-02'),
('France', '', '', '', '', '0', '0', 170540, 24898, 50885, 94757, '2020-05-03'),
('France', '', '', '', '', '0', '0', 171102, 25204, 51476, 94422, '2020-05-04'),
('France', '', '', '', '', '0', '0', 172219, 25537, 52842, 93840, '2020-05-05'),
('France', '', '', '', '', '0', '0', 176355, 25812, 54079, 96464, '2020-05-06'),
('France', '', '', '', '', '0', '0', 177096, 25991, 55191, 95914, '2020-05-07'),
('France', '', '', '', '', '0', '0', 177627, 26233, 55892, 95502, '2020-05-08'),
('France', '', '', '', '', '0', '0', 178156, 26313, 56148, 95695, '2020-05-09'),
('France', '', '', '', '', '0', '0', 178405, 26383, 56327, 95695, '2020-05-10'),
('France', '', '', '', '', '0', '0', 178719, 26646, 56835, 95238, '2020-05-11'),
('France', '', '', '', '', '0', '0', 179472, 26994, 57898, 94580, '2020-05-12'),
('France', '', '', '', '', '0', '0', 179993, 27079, 58786, 94128, '2020-05-13'),
('France', '', '', '', '', '0', '0', 180635, 27430, 59719, 93486, '2020-05-14'),
('France', '', '', '', '', '0', '0', 181148, 27532, 60562, 93054, '2020-05-15'),
('France', '', '', '', '', '0', '0', 181563, 27630, 60562, 93371, '2020-05-16'),
('France', '', '', '', '', '0', '0', 181703, 28113, 61327, 92263, '2020-05-17'),
('France', '', '', '', '', '0', '0', 182147, 28242, 61843, 92062, '2020-05-18'),
('France', '', '', '', '', '0', '0', 182648, 28025, 62678, 91945, '2020-05-19'),
('France', '', '', '', '', '0', '0', 183130, 28136, 63472, 91522, '2020-05-20'),
('France', '', '', '', '', '0', '0', 183397, 28218, 63976, 91203, '2020-05-21'),
('France', '', '', '', '', '0', '0', 184153, 28366, 64327, 91460, '2020-05-22'),
('France', '', '', '', '', '0', '0', 184699, 28452, 64665, 91582, '2020-05-23'),
('France', '', '', '', '', '0', '0', 184260, 28372, 64735, 91153, '2020-05-24'),
('France', '', '', '', '', '0', '0', 184585, 28461, 65317, 90807, '2020-05-25'),
('France', '', '', '', '', '0', '0', 184840, 28598, 65997, 90245, '2020-05-26'),
('France', '', '', '', '', '0', '0', 185012, 28599, 66702, 89711, '2020-05-27'),
('France', '', '', '', '', '0', '0', 188355, 28666, 67309, 92380, '2020-05-28'),
('France', '', '', '', '', '0', '0', 188949, 28717, 67921, 92311, '2020-05-29'),
('France', '', '', '', '', '0', '0', 190744, 28774, 68386, 93584, '2020-05-30'),
('France', '', '', '', '', '0', '0', 190975, 28805, 68473, 93697, '2020-05-31'),
('France', '', '', '', '', '0', '0', 191382, 28837, 68558, 93987, '2020-06-01'),
('France', '', '', '', '', '0', '0', 190735, 28943, 68930, 92862, '2020-06-02'),
('France', '', '', '', '', '0', '0', 187509, 29024, 69573, 88912, '2020-06-03'),
('France', '', '', '', '', '0', '0', 191869, 29069, 70094, 92706, '2020-06-04'),
('France', '', '', '', '', '0', '0', 192450, 29114, 70622, 92714, '2020-06-05'),
('France', '', '', '', '', '0', '0', 193022, 29145, 70924, 92953, '2020-06-06'),
('France', '', '', '', '', '0', '0', 193363, 29158, 70961, 93244, '2020-06-07'),
('France', '', '', '', '', '0', '0', 193637, 29213, 71182, 93242, '2020-06-08'),
('France', '', '', '', '', '0', '0', 194190, 29301, 71626, 93263, '2020-06-09'),
('France', '', '', '', '', '0', '0', 194815, 29322, 71952, 93541, '2020-06-10'),
('France', '', '', '', '', '0', '0', 195179, 29349, 72269, 93561, '2020-06-11'),
('France', '', '', '', '', '0', '0', 195981, 29377, 72695, 93909, '2020-06-12'),
('France', '', '', '', '', '0', '0', 196478, 29401, 72931, 94146, '2020-06-13'),
('France', '', '', '', '', '0', '0', 196868, 29411, 72982, 94475, '2020-06-14'),
('France', '', '', '', '', '0', '0', 197004, 29439, 73168, 94397, '2020-06-15'),
('France', '', '', '', '', '0', '0', 197667, 29553, 73459, 94655, '2020-06-16'),
('France', '', '', '', '', '0', '0', 198155, 29578, 73791, 94786, '2020-06-17'),
('France', '', '', '', '', '0', '0', 198741, 29606, 74011, 95124, '2020-06-18'),
('France', '', '', '', '', '0', '0', 199528, 29620, 74241, 95667, '2020-06-19'),
('France', '', '', '', '', '0', '0', 200147, 29638, 74436, 96073, '2020-06-20'),
('France', '', '', '', '', '0', '0', 200490, 29644, 74496, 96350, '2020-06-21'),
('France', '', '', '', '', '0', '0', 200632, 29668, 74736, 96228, '2020-06-22'),
('France', '', '', '', '', '0', '0', 201330, 29722, 74995, 96613, '2020-06-23'),
('France', '', '', '', '', '0', '0', 201598, 29735, 75251, 96612, '2020-06-24'),
('France', '', '', '', '', '0', '0', 201853, 29754, 75475, 96624, '2020-06-25'),
('France', '', '', '', '', '0', '0', 203116, 29780, 75773, 97563, '2020-06-26'),
('France', '', '', '', '', '0', '0', 203564, 29781, 75773, 98010, '2020-06-27'),
('France', '', '', '', '', '0', '0', 203158, 29781, 75774, 97603, '2020-06-28'),
('France', '', '', '', '', '0', '0', 203803, 29816, 76124, 97863, '2020-06-29'),
('France', '', '', '', '', '0', '0', 204244, 29846, 76399, 97999, '2020-06-30'),
('France', '', '', '', '', '0', '0', 205234, 29865, 76674, 98695, '2020-07-01'),
('France', '', '', '', '', '0', '0', 205773, 29878, 76927, 98968, '2020-07-02'),
('France', '', '', '', '', '0', '0', 206312, 29896, 77185, 99231, '2020-07-03'),
('France', '', '', '', '', '0', '0', 206670, 29896, 77185, 99589, '2020-07-04'),
('France', '', '', '', '', '0', '0', 206681, 29895, 77185, 99601, '2020-07-05'),
('France', '', '', '', '', '0', '0', 207699, 29925, 77444, 100330, '2020-07-06'),
('France', '', '', '', '', '0', '0', 208153, 29936, 77780, 100437, '2020-07-07'),
('France', '', '', '', '', '0', '0', 208975, 29967, 77780, 101228, '2020-07-08'),
('France', '', '', '', '', '0', '0', 209419, 29983, 78295, 101141, '2020-07-09'),
('France', '', '', '', '', '0', '0', 210134, 30009, 78513, 101612, '2020-07-10'),
('France', '', '', '', '', '0', '0', 210385, 30012, 78513, 101860, '2020-07-11'),
('France', '', '', '', '', '0', '0', 210401, 30012, 78513, 101876, '2020-07-12'),
('France', '', '', '', '', '0', '0', 211824, 30035, 78722, 103067, '2020-07-13'),
('France', '', '', '', '', '0', '0', 211886, 30037, 78722, 103127, '2020-07-14'),
('France', '', '', '', '', '0', '0', 212613, 30125, 78945, 103543, '2020-07-15'),
('France', '', '', '', '', '0', '0', 213182, 30142, 79161, 103879, '2020-07-16'),
('France', '', '', '', '', '0', '0', 214011, 30155, 79371, 104485, '2020-07-17'),
('France', '', '', '', '', '0', '0', 214174, 30158, 79371, 104645, '2020-07-18'),
('France', '', '', '', '', '0', '0', 214178, 30158, 79371, 104649, '2020-07-19'),
('France', '', '', '', '', '0', '0', 216089, 30182, 79668, 106239, '2020-07-20'),
('France', '', '', '', '', '0', '0', 216684, 30169, 79861, 106654, '2020-07-21'),
('France', '', '', '', '', '0', '0', 217605, 30175, 80084, 107346, '2020-07-22'),
('France', '', '', '', '', '0', '0', 218841, 30186, 80600, 108055, '2020-07-23'),
('France', '', '', '', '', '0', '0', 219932, 30196, 80943, 108793, '2020-07-24'),
('France', '', '', '', '', '0', '0', 220020, 30196, 80945, 108879, '2020-07-25'),
('France', '', '', '', '', '0', '0', 220020, 30196, 80945, 108879, '2020-07-26'),
('France', '', '', '', '', '0', '0', 222508, 30214, 81212, 111082, '2020-07-27'),
('France', '', '', '', '', '0', '0', 223072, 30227, 81441, 111404, '2020-07-28'),
('France', '', '', '', '', '0', '0', 224542, 30241, 81443, 112858, '2020-07-29'),
('France', '', '', '', '', '0', '0', 225931, 30257, 81632, 114042, '2020-07-30'),
('France', '', '', '', '', '0', '0', 227239, 30268, 81764, 115207, '2020-07-31'),
('France', '', '', '', '', '0', '0', 227302, 30268, 81764, 115270, '2020-08-01'),
('France', '', '', '', '', '0', '0', 227305, 30268, 81764, 115273, '2020-08-02'),
('France', '', '', '', '', '0', '0', 230665, 30298, 81764, 118603, '2020-08-03'),
('France', '', '', '', '', '0', '0', 231636, 30300, 81764, 119572, '2020-08-04'),
('France', '', '', '', '', '0', '0', 233344, 30311, 82298, 120735, '2020-08-05'),
('France', '', '', '', '', '0', '0', 234945, 30315, 82592, 122038, '2020-08-06'),
('France', '', '', '', '', '0', '0', 237332, 30328, 82968, 124036, '2020-08-07'),
('France', '', '', '', '', '0', '0', 237402, 30329, 82968, 124105, '2020-08-08'),
('France', '', '', '', '', '0', '0', 237437, 30329, 82971, 124137, '2020-08-09'),
('France', '', '', '', '', '0', '0', 242168, 30344, 82971, 128853, '2020-08-10'),
('France', '', '', '', '', '0', '0', 243582, 30358, 82971, 130253, '2020-08-11'),
('France', '', '', '', '', '0', '0', 246180, 30376, 83609, 132195, '2020-08-12'),
('France', '', '', '', '', '0', '0', 248858, 30393, 83612, 134853, '2020-08-13'),
('France', '', '', '', '', '0', '0', 251781, 30412, 83993, 137376, '2020-08-14'),
('France', '', '', '', '', '0', '0', 254991, 30413, 83993, 140585, '2020-08-15'),
('France', '', '', '', '', '0', '0', 257994, 30414, 83993, 143587, '2020-08-16'),
('France', '', '', '', '', '0', '0', 258644, 30434, 84214, 143996, '2020-08-17'),
('France', '', '', '', '', '0', '0', 260763, 30456, 84214, 146093, '2020-08-18'),
('France', '', '', '', '', '0', '0', 264535, 30474, 84214, 149847, '2020-08-19'),
('France', '', '', '', '', '0', '0', 269335, 30485, 84214, 154636, '2020-08-20'),
('France', '', '', '', '', '0', '0', 274344, 30509, 84981, 158854, '2020-08-21'),
('France', '', '', '', '', '0', '0', 277818, 30518, 85102, 162198, '2020-08-22'),
('France', '', '', '', '', '0', '0', 282498, 30518, 85125, 166855, '2020-08-23'),
('France', '', '', '', '', '0', '0', 284474, 30534, 85352, 168588, '2020-08-24'),
('France', '', '', '', '', '0', '0', 288090, 30553, 85757, 171780, '2020-08-25'),
('France', '', '', '', '', '0', '0', 288377, 30553, 85811, 172013, '2020-08-26'),
('France', '', '', '', '', '0', '0', 299580, 30588, 86271, 182721, '2020-08-27'),
('France', '', '', '', '', '0', '0', 307221, 30606, 86495, 190120, '2020-08-28'),
('France', '', '', '', '', '0', '0', 312681, 30612, 86495, 195574, '2020-08-29'),
('France', '', '', '', '', '0', '0', 318047, 30615, 86495, 200937, '2020-08-30'),
('France', '', '', '', '', '0', '0', 321160, 30646, 86790, 203724, '2020-08-31'),
('France', '', '', '', '', '0', '0', 326264, 30673, 87036, 208555, '2020-09-01'),
('France', '', '', '', '', '0', '0', 333377, 30700, 87418, 215259, '2020-09-02'),
('France', '', '', '', '', '0', '0', 340499, 30717, 87661, 222121, '2020-09-03'),
('France', '', '', '', '', '0', '0', 349333, 30696, 87927, 230710, '2020-09-04'),
('France', '', '', '', '', '0', '0', 357927, 30708, 87927, 239292, '2020-09-05'),
('France', '', '', '', '', '0', '0', 364943, 30712, 87927, 246304, '2020-09-06'),
('France', '', '', '', '', '0', '0', 369209, 30735, 88484, 249990, '2020-09-07'),
('France', '', '', '', '', '0', '0', 375947, 30773, 88876, 256298, '2020-09-08'),
('France', '', '', '', '', '0', '0', 384566, 30805, 89242, 264519, '2020-09-09'),
('France', '', '', '', '', '0', '0', 394328, 30824, 89468, 274036, '2020-09-10'),
('France', '', '', '', '', '0', '0', 403837, 30906, 89890, 283041, '2020-09-11'),
('France', '', '', '', '', '0', '0', 415174, 30924, 90445, 293805, '2020-09-12'),
('France', '', '', '', '', '0', '0', 421519, 30929, 90445, 300145, '2020-09-13'),
('France', '', '', '', '', '0', '0', 427915, 30963, 90432, 306520, '2020-09-14'),
('France', '', '', '', '', '0', '0', 435741, 31013, 90816, 313912, '2020-09-15'),
('France', '', '', '', '', '0', '0', 445932, 31061, 91293, 323578, '2020-09-16'),
('France', '', '', '', '', '0', '0', 456171, 31108, 91765, 333298, '2020-09-17'),
('France', '', '', '', '', '0', '0', 469404, 31262, 92700, 345442, '2020-09-18'),
('France', '', '', '', '', '0', '0', 482964, 31287, 93586, 358091, '2020-09-19'),
('France', '', '', '', '', '0', '0', 493500, 31298, 93586, 368616, '2020-09-20'),
('France', '', '', '', '', '0', '0', 499039, 31351, 94289, 373399, '2020-09-21'),
('France', '', '', '', '', '0', '0', 509123, 31430, 94961, 382732, '2020-09-22'),
('France', '', '', '', '', '0', '0', 522414, 31478, 96498, 394438, '2020-09-23'),
('France', '', '', '', '', '0', '0', 538264, 31524, 95980, 410760, '2020-09-24'),
('France', '', '', '', '', '0', '0', 554368, 31675, 96909, 425784, '2020-09-25'),
('France', '', '', '', '', '0', '0', 568588, 31714, 96937, 439937, '2020-09-26'),
('France', '', '', '', '', '0', '0', 579223, 31741, 96937, 450545, '2020-09-27'),
('France', '', '', '', '', '0', '0', 583522, 31825, 97127, 454570, '2020-09-28'),
('France', '', '', '', '', '0', '0', 591527, 31898, 98088, 461541, '2020-09-29'),
('France', '', '', '', '', '0', '0', 605893, 31978, 98632, 475283, '2020-09-30'),
('France', '', '', '', '', '0', '0', 618944, 32035, 99154, 487755, '2020-10-01'),
('France', '', '', '', '', '0', '0', 631380, 32171, 100253, 498956, '2020-10-02'),
('France', '', '', '', '', '0', '0', 647868, 32196, 100281, 515391, '2020-10-03'),
('France', '', '', '', '', '0', '0', 660372, 32228, 100281, 527863, '2020-10-04'),
('France', '', '', '', '', '0', '0', 666011, 32299, 100873, 532839, '2020-10-05'),
('France', '', '', '', '', '0', '0', 677321, 32386, 101443, 543492, '2020-10-06'),
('France', '', '', '', '', '0', '0', 696274, 32466, 102061, 561747, '2020-10-07'),
('France', '', '', '', '', '0', '0', 713676, 32539, 102542, 578595, '2020-10-08'),
('France', '', '', '', '', '0', '0', 734764, 32649, 103232, 598883, '2020-10-09'),
('France', '', '', '', '', '0', '0', 761441, 32684, 103232, 625525, '2020-10-10'),
('France', '', '', '', '', '0', '0', 777378, 32730, 103232, 641416, '2020-10-11'),
('France', '', '', '', '', '0', '0', 786590, 32827, 104035, 649728, '2020-10-12'),
('France', '', '', '', '', '0', '0', 800216, 32955, 105203, 662058, '2020-10-13'),
('France', '', '', '', '', '0', '0', 823218, 33061, 106374, 683783, '2020-10-14'),
('France', '', '', '', '', '0', '0', 852975, 33146, 107043, 712786, '2020-10-15'),
('France', '', '', '', '', '0', '0', 878607, 33325, 108014, 737268, '2020-10-16'),
('France', '', '', '', '', '0', '0', 910711, 33398, 108014, 769299, '2020-10-17'),
('France', '', '', '', '', '0', '0', 940548, 33483, 108014, 799051, '2020-10-18'),
('France', '', '', '', '', '0', '0', 954837, 33631, 109611, 811595, '2020-10-19'),
('France', '', '', '', '', '0', '0', 975213, 33912, 110515, 830786, '2020-10-20'),
('France', '', '', '', '', '0', '0', 1002635, 34080, 111715, 856840, '2020-10-21'),
('France', '', '', '', '', '0', '0', 1043448, 34234, 112662, 896552, '2020-10-22'),
('France', '', '', '', '', '0', '0', 1086285, 34534, 113636, 938115, '2020-10-23'),
('France', '', '', '', '', '0', '0', 1131550, 34670, 113636, 983244, '2020-10-24'),
('France', '', '', '', '', '0', '0', 1138166, 34649, 113698, 989819, '2020-10-25'),
('France', '', '', '', '', '0', '0', 1211176, 35038, 115964, 1060174, '2020-10-26'),
('France', '', '', '', '', '0', '0', 1245658, 35567, 117400, 1092691, '2020-10-27'),
('France', '', '', '', '', '0', '0', 1283208, 35826, 119413, 1127969, '2020-10-28'),
('France', '', '', '', '', '0', '0', 1329820, 36058, 120723, 1173039, '2020-10-29'),
('France', '', '', '', '', '0', '0', 1379294, 36605, 122224, 1220465, '2020-10-30'),
('France', '', '', '', '', '0', '0', 1414364, 36827, 123095, 1254442, '2020-10-31'),
('France', '', '', '', '', '0', '0', 1460543, 37058, 123664, 1299821, '2020-11-01'),
('France', '', '', '', '', '0', '0', 1566634, 37486, 123664, 1405484, '2020-11-02'),
('France', '', '', '', '', '0', '0', 1639235, 38765, 123664, 1476806, '2020-11-03'),
('France', '', '', '', '', '0', '0', 1593159, 38734, 126195, 1428230, '2020-11-04'),
('France', '', '', '', '', '0', '0', 1650965, 39088, 129759, 1482118, '2020-11-05'),
('France', '', '', '', '', '0', '0', 1711917, 39917, 131810, 1540190, '2020-11-06'),
('France', '', '', '', '', '0', '0', 1798572, 40220, 133419, 1624933, '2020-11-07'),
('France', '', '', '', '', '0', '0', 1837134, 40490, 134095, 1662549, '2020-11-08'),
('France', '', '', '', '', '0', '0', 1858558, 41050, 135216, 1682292, '2020-11-09'),
('France', '', '', '', '', '0', '0', 1881171, 42281, 137401, 1701489, '2020-11-10'),
('France', '', '', '', '', '0', '0', 1917577, 42609, 139177, 1735791, '2020-11-11'),
('France', '', '', '', '', '0', '0', 1950205, 43024, 140470, 1766711, '2020-11-12'),
('France', '', '', '', '', '0', '0', 1974270, 43957, 142671, 1787642, '2020-11-13'),
('France', '', '', '', '', '0', '0', 2006227, 44310, 144656, 1817261, '2020-11-14'),
('France', '', '', '', '', '0', '0', 2033419, 44613, 145326, 1843480, '2020-11-15'),
('France', '', '', '', '', '0', '0', 2043469, 45124, 146396, 1851949, '2020-11-16'),
('France', '', '', '', '', '0', '0', 2089071, 46350, 148669, 1894052, '2020-11-17'),
('France', '', '', '', '', '0', '0', 2117968, 46781, 150966, 1920221, '2020-11-18'),
('France', '', '', '', '', '0', '0', 2138704, 47198, 153145, 1938361, '2020-11-19'),
('France', '', '', '', '', '0', '0', 2161968, 48339, 155829, 1957800, '2020-11-20'),
('France', '', '', '', '', '0', '0', 2179638, 48591, 156755, 1974292, '2020-11-21'),
('France', '', '', '', '', '0', '0', 2192768, 48805, 157259, 1986704, '2020-11-22'),
('France', '', '', '', '', '0', '0', 2197830, 49311, 158170, 1990349, '2020-11-23'),
('France', '', '', '', '', '0', '0', 2207751, 50322, 160257, 1997172, '2020-11-24'),
('France', '', '', '', '', '0', '0', 2224505, 50710, 162130, 2011665, '2020-11-25'),
('France', '', '', '', '', '0', '0', 2237506, 51041, 163814, 2022651, '2020-11-26'),
('France', '', '', '', '', '0', '0', 2250280, 52000, 165493, 2032787, '2020-11-27'),
('France', '', '', '', '', '0', '0', 2262757, 52212, 166715, 2043830, '2020-11-28'),
('France', '', '', '', '', '0', '0', 2272520, 52410, 167005, 2053105, '2020-11-29'),
('France', '', '', '', '', '0', '0', 2276874, 52819, 167913, 2056142, '2020-11-30'),
('France', '', '', '', '', '0', '0', 2285238, 53596, 169663, 2061979, '2020-12-01'),
('France', '', '', '', '', '0', '0', 2299466, 53907, 171197, 2074362, '2020-12-02'),
('France', '', '', '', '', '0', '0', 2312253, 54231, 172574, 2085448, '2020-12-03'),
('France', '', '', '', '', '0', '0', 2323764, 54861, 173986, 2094917, '2020-12-04'),
('France', '', '', '', '', '0', '0', 2336646, 55073, 174992, 2106581, '2020-12-05'),
('France', '', '', '', '', '0', '0', 2347595, 55247, 175220, 2117128, '2020-12-06'),
('France', '', '', '', '', '0', '0', 2351006, 55613, 175919, 2119474, '2020-12-07'),
('France', '', '', '', '', '0', '0', 2365043, 56451, 177558, 2131034, '2020-12-08'),
('France', '', '', '', '', '0', '0', 2379718, 56748, 178937, 2144033, '2020-12-09'),
('France', '', '', '', '', '0', '0', 2393590, 57044, 180348, 2156198, '2020-12-10'),
('France', '', '', '', '', '0', '0', 2407079, 57672, 181581, 2167826, '2020-12-11'),
('France', '', '', '', '', '0', '0', 2421026, 57865, 181581, 2167827, '2020-12-12'),
('France', '', '', '', '', '0', '0', 2432559, 58015, 182685, 2191859, '2020-12-13'),
('France', '', '', '', '', '0', '0', 2435751, 58391, 183340, 2194020, '2020-12-14'),
('France', '', '', '', '', '0', '0', 2447406, 59182, 184780, 2203444, '2020-12-15'),
('France', '', '', '', '', '0', '0', 2465126, 59472, 186004, 2219650, '2020-12-16'),
('France', '', '', '', '', '0', '0', 2483524, 59733, 187199, 2236592, '2020-12-17'),
('France', '', '', '', '', '0', '0', 2499529, 60345, 188488, 2250696, '2020-12-18'),
('France', '', '', '', '', '0', '0', 2516957, 60534, 189403, 2267020, '2020-12-19'),
('France', '', '', '', '', '0', '0', 2529756, 60665, 189638, 2279453, '2020-12-20'),
('France', '', '', '', '', '0', '0', 2535716, 61019, 190296, 2284401, '2020-12-21'),
('France', '', '', '', '', '0', '0', 2547577, 61821, 191892, 2293864, '2020-12-22'),
('France', '', '', '', '', '0', '0', 2562615, 62098, 193192, 2307325, '2020-12-23'),
('France', '', '', '', '', '0', '0', 2584333, 62389, 194559, 2327385, '2020-12-24'),
('France', '', '', '', '', '0', '0', 2604595, 62548, 195365, 2346682, '2020-12-25'),
('France', '', '', '', '', '0', '0', 2607688, 62694, 195638, 2349356, '2020-12-26'),
('France', '', '', '', '', '0', '0', 2616510, 62867, 195861, 2357782, '2020-12-27'),
('France', '', '', '', '', '0', '0', 2619616, 63235, 196642, 2359739, '2020-12-28'),
('France', '', '', '', '', '0', '0', 2631110, 64204, 197726, 2369180, '2020-12-29'),
('France', '', '', '', '', '0', '0', 2657624, 64508, 198966, 2394150, '2020-12-30'),
('France', '', '', '', '', '0', '0', 2677666, 64759, 200142, 2412765, '2020-12-31'),
('France', '', '', '', '', '0', '0', 2697014, 64892, 200822, 2431300, '2021-01-01'),
('France', '', '', '', '', '0', '0', 2700480, 65048, 201095, 2434337, '2021-01-02'),
('France', '', '', '', '', '0', '0', 2712975, 65164, 201308, 2446503, '2021-01-03'),
('France', '', '', '', '', '0', '0', 2717059, 65549, 201959, 2449551, '2021-01-04'),
('France', '', '', '', '', '0', '0', 2737884, 66417, 203425, 2468042, '2021-01-05'),
('France', '', '', '', '', '0', '0', 2763116, 66699, 204679, 2491738, '2021-01-06'),
('France', '', '', '', '', '0', '0', 2784883, 66975, 204680, 2491990, '2021-01-07'),
('France', '', '', '', '', '0', '0', 2804743, 67566, 207211, 2529966, '2021-01-08'),
('France', '', '', '', '', '0', '0', 2824920, 67734, 208090, 2549096, '2021-01-09'),
('France', '', '', '', '', '0', '0', 2840864, 67885, 208354, 2564625, '2021-01-10'),
('France', '', '', '', '', '0', '0', 2844680, 68197, 208997, 2567486, '2021-01-11'),
('France', '', '', '', '', '0', '0', 2864360, 68939, 210315, 2585106, '2021-01-12'),
('France', '', '', '', '', '0', '0', 2888292, 69168, 211598, 2607526, '2021-01-13'),
('France', '', '', '', '', '0', '0', 2909723, 69452, 212728, 2627543, '2021-01-14'),
('France', '', '', '', '', '0', '0', 2931040, 70088, 213997, 2647309, '2021-01-15'),
('France', '', '', '', '', '0', '0', 2952449, 70281, 213997, 2647596, '2021-01-16'),
('France', '', '', '', '', '0', '0', 2969091, 70422, 215269, 2683400, '2021-01-17'),
('France', '', '', '', '', '0', '0', 2972889, 70826, 216129, 2685934, '2021-01-18'),
('France', '', '', '', '', '0', '0', 2996784, 71482, 217745, 2707557, '2021-01-19'),
('France', '', '', '', '', '0', '0', 3023661, 71792, 219354, 2732515, '2021-01-20'),
('France', '', '', '', '', '0', '0', 3046371, 72139, 220650, 2753582, '2021-01-21'),
('France', '', '', '', '', '0', '0', 3069695, 72788, 221937, 2774970, '2021-01-22'),
('France', '', '', '', '', '0', '0', 3093619, 73018, 222840, 2797761, '2021-01-23'),
('France', '', '', '', '', '0', '0', 3112055, 73190, 223080, 2815785, '2021-01-24'),
('France', '', '', '', '', '0', '0', 3116355, 73636, 223823, 2818896, '2021-01-25'),
('France', '', '', '', '', '0', '0', 3138498, 74250, 225267, 2838981, '2021-01-26'),
('France', '', '', '', '', '0', '0', 3165449, 74600, 226685, 2864164, '2021-01-27'),
('France', '', '', '', '', '0', '0', 3189405, 74944, 226772, 2864772, '2021-01-28'),
('France', '', '', '', '', '0', '0', 3212640, 75765, 229634, 2907241, '2021-01-29'),
('France', '', '', '', '', '0', '0', 3236685, 76006, 230326, 2930353, '2021-01-30'),
('France', '', '', '', '', '0', '0', 3255920, 76201, 230612, 2949107, '2021-01-31'),
('France', '', '', '', '', '0', '0', 3260308, 76657, 231525, 2952126, '2021-02-01'),
('France', '', '', '', '', '0', '0', 3283645, 77383, 233102, 2973160, '2021-02-02'),
('France', '', '', '', '', '0', '0', 3310051, 77741, 234678, 2997632, '2021-02-03'),
('France', '', '', '', '', '0', '0', 3310071, 77741, 234678, 2997652, '2021-02-04'),
('France', '', '', '', '', '0', '0', 3355678, 78749, 237755, 3039174, '2021-02-05'),
('France', '', '', '', '', '0', '0', 3376266, 78940, 238899, 3058427, '2021-02-06'),
('France', '', '', '', '', '0', '0', 3395981, 79111, 239183, 3077687, '2021-02-07'),
('France', '', '', '', '', '0', '0', 3400324, 79571, 240200, 3080553, '2021-02-08'),
('France', '', '', '', '', '0', '0', 3419210, 80295, 241924, 3096991, '2021-02-09'),
('France', '', '', '', '', '0', '0', 3444888, 80591, 243320, 3120977, '2021-02-10'),
('France', '', '', '', '', '0', '0', 3465964, 80951, 244961, 3140052, '2021-02-11'),
('France', '', '', '', '', '0', '0', 3486673, 81596, 244962, 3140713, '2021-02-12'),
('France', '', '', '', '', '0', '0', 3507904, 81795, 244962, 3141134, '2021-02-13'),
('France', '', '', '', '', '0', '0', 3524450, 81962, 244962, 3141961, '2021-02-14'),
('France', '', '', '', '', '0', '0', 3528856, 82374, 248737, 3197745, '2021-02-15'),
('France', '', '', '', '', '0', '0', 3548452, 82961, 250447, 3215044, '2021-02-16'),
('France', '', '', '', '', '0', '0', 3573638, 83271, 251947, 3238420, '2021-02-17'),
('France', '', '', '', '', '0', '0', 3596156, 83542, 253337, 3259277, '2021-02-18'),
('France', '', '', '', '', '0', '0', 3620283, 84114, 253337, 3259287, '2021-02-19'),
('France', '', '', '', '', '0', '0', 3642654, 84271, 253337, 3260230, '2021-02-20'),
('France', '', '', '', '', '0', '0', 3664700, 84430, 253337, 3260657, '2021-02-21'),
('France', '', '', '', '', '0', '0', 3669354, 84764, 256748, 3327842, '2021-02-22'),
('France', '', '', '', '', '0', '0', 3689534, 85195, 258863, 3345476, '2021-02-23'),
('France', '', '', '', '', '0', '0', 3721061, 85473, 260230, 3375358, '2021-02-24'),
('France', '', '', '', '', '0', '0', 3746475, 85734, 261648, 3399093, '2021-02-25'),
('France', '', '', '', '', '0', '0', 3771691, 86273, 261649, 3399320, '2021-02-26'),
('France', '', '', '', '', '0', '0', 3795687, 86458, 261649, 3399873, '2021-02-27'),
('France', '', '', '', '', '0', '0', 3815639, 86580, 261649, 3399873, '2021-02-28'),
('France', '', '', '', '', '0', '0', 3820369, 86955, 265165, 3468249, '2021-03-01'),
('France', '', '', '', '', '0', '0', 3843241, 87373, 266674, 3489194, '2021-03-02'),
('France', '', '', '', '', '0', '0', 3870144, 87695, 268073, 3514376, '2021-03-03'),
('France', '', '', '', '', '0', '0', 3895430, 87988, 269474, 3537968, '2021-03-04'),
('France', '', '', '', '', '0', '0', 3918937, 88427, 270703, 3559807, '2021-03-05'),
('France', '', '', '', '', '0', '0', 3942243, 88597, 271693, 3581953, '2021-03-06'),
('France', '', '', '', '', '0', '0', 3964078, 88727, 272079, 3875351, '2021-03-07'),
('France', '', '', '', '', '0', '0', 3969612, 89090, 272887, 3607635, '2021-03-08'),
('France', '', '', '', '', '0', '0', 3906363, 88811, 239851, 3628969, '2021-03-09'),
('France', '', '', '', '', '0', '0', 4022429, 89707, 275811, 3656882, '2021-03-10'),
('France', '', '', '', '', '0', '0', 4050558, 89984, 277225, 3683349, '2021-03-11'),
('France', '', '', '', '', '0', '0', 4075735, 90207, 278470, 3707058, '2021-03-12'),
('France', '', '', '', '', '0', '0', 4105527, 90376, 279407, 3735744, '2021-03-13'),
('France', '', '', '', '', '0', '0', 4131874, 90583, 279752, 3761539, '2021-03-14'),
('France', '', '', '', '', '0', '0', 4138345, 90924, 280563, 3760617, '2021-03-15'),
('France', '', '', '', '', '0', '0', 4168411, 91324, 282152, 3794935, '2021-03-16'),
('France', '', '', '', '', '0', '0', 4206912, 91411, 282152, 3795782, '2021-03-17'),
('France', '', '', '', '', '0', '0', 4241973, 91833, 285055, 3865085, '2021-03-18'),
('France', '', '', '', '', '0', '0', 4277171, 92118, 285055, 3865257, '2021-03-19'),
('France', '', '', '', '', '0', '0', 4312510, 92295, 286442, 3898622, '2021-03-20'),
('France', '', '', '', '', '0', '0', 4343097, 92433, 286442, 3899225, '2021-03-21'),
('France', '', '', '', '', '0', '0', 4358910, 92776, 288683, 3977451, '2021-03-22'),
('France', '', '', '', '', '0', '0', 4373607, 93064, 290310, 3990233, '2021-03-23'),
('France', '', '', '', '', '0', '0', 4438999, 93310, 290310, 3991381, '2021-03-24'),
('France', '', '', '', '', '0', '0', 4484659, 93535, 293410, 4097714, '2021-03-25'),
('France', '', '', '', '', '0', '0', 4526530, 94432, 294865, 4137233, '2021-03-26'),
('France', '', '', '', '', '0', '0', 4569164, 94623, 296179, 4178362, '2021-03-27'),
('France', '', '', '', '', '0', '0', 4606185, 94754, 296581, 4214850, '2021-03-28'),
('France', '', '', '', '', '0', '0', 4615295, 95114, 297639, 4222542, '2021-03-29'),
('France', '', '', '', '', '0', '0', 4646014, 95495, 299625, 4250894, '2021-03-30'),
('France', '', '', '', '', '0', '0', 4705068, 95798, 301467, 4307803, '2021-03-31'),
('France', '', '', '', '', '0', '0', 4755779, 96106, 302995, 4356678, '2021-04-01'),
('France', '', '', '', '', '0', '0', 4802457, 96438, 304563, 4401456, '2021-04-02'),
('France', '', '', '', '', '0', '0', 4802545, 96439, 304563, 4401543, '2021-04-03'),
('France', '', '', '', '', '0', '0', 4883174, 96808, 306453, 4479913, '2021-04-04'),
('France', '', '', '', '', '0', '0', 4893971, 97005, 306893, 4490073, '2021-04-05'),
('France', '', '', '', '', '0', '0', 4902025, 97431, 308128, 4496466, '2021-04-06'),
('France', '', '', '', '', '0', '0', 4902985, 97444, 308128, 4497413, '2021-04-07'),
('France', '', '', '', '', '0', '0', 5000155, 98196, 312540, 4589419, '2021-04-08'),
('France', '', '', '', '', '0', '0', 5000314, 98202, 312540, 4589572, '2021-04-09'),
('France', '', '', '', '', '0', '0', 5001685, 98213, 312540, 4590932, '2021-04-10'),
('France', '', '', '', '', '0', '0', 5119585, 98909, 316616, 4704060, '2021-04-11'),
('France', '', '', '', '', '0', '0', 5128140, 99294, 317763, 4711083, '2021-04-12'),
('France', '', '', '', '', '0', '0', 5167265, 99639, 319880, 4747746, '2021-04-13'),
('France', '', '', '', '', '0', '0', 5210772, 99936, 321981, 4788855, '2021-04-14'),
('France', '', '', '', '', '0', '0', 5248853, 100232, 323865, 4824756, '2021-04-15'),
('France', '', '', '', '', '0', '0', 5285304, 100563, 325752, 4858989, '2021-04-16'),
('France', '', '', '', '', '0', '0', 5221888, 99947, 288182, 4893320, '2021-04-17'),
('Germany', '', '', '', '', '0', '0', 1, 0, 0, 1, '2020-01-27'),
('Germany', '', '', '', '', '0', '0', 4, 0, 0, 4, '2020-01-28'),
('Germany', '', '', '', '', '0', '0', 4, 0, 0, 4, '2020-01-29'),
('Germany', '', '', '', '', '0', '0', 4, 0, 0, 4, '2020-01-30'),
('Germany', '', '', '', '', '0', '0', 5, 0, 0, 5, '2020-01-31'),
('Germany', '', '', '', '', '0', '0', 8, 0, 0, 8, '2020-02-01'),
('Germany', '', '', '', '', '0', '0', 10, 0, 0, 10, '2020-02-02'),
('Germany', '', '', '', '', '0', '0', 12, 0, 0, 12, '2020-02-03'),
('Germany', '', '', '', '', '0', '0', 12, 0, 0, 12, '2020-02-04'),
('Germany', '', '', '', '', '0', '0', 12, 0, 0, 12, '2020-02-05'),
('Germany', '', '', '', '', '0', '0', 12, 0, 0, 12, '2020-02-06'),
('Germany', '', '', '', '', '0', '0', 13, 0, 0, 13, '2020-02-07'),
('Germany', '', '', '', '', '0', '0', 13, 0, 0, 13, '2020-02-08'),
('Germany', '', '', '', '', '0', '0', 14, 0, 0, 14, '2020-02-09'),
('Germany', '', '', '', '', '0', '0', 14, 0, 0, 14, '2020-02-10'),
('Germany', '', '', '', '', '0', '0', 16, 0, 0, 16, '2020-02-11'),
('Germany', '', '', '', '', '0', '0', 16, 0, 0, 16, '2020-02-12'),
('Germany', '', '', '', '', '0', '0', 16, 0, 1, 15, '2020-02-13'),
('Germany', '', '', '', '', '0', '0', 16, 0, 1, 15, '2020-02-14'),
('Germany', '', '', '', '', '0', '0', 16, 0, 1, 15, '2020-02-15'),
('Germany', '', '', '', '', '0', '0', 16, 0, 1, 15, '2020-02-16'),
('Germany', '', '', '', '', '0', '0', 16, 0, 1, 15, '2020-02-17'),
('Germany', '', '', '', '', '0', '0', 16, 0, 12, 4, '2020-02-18'),
('Germany', '', '', '', '', '0', '0', 16, 0, 12, 4, '2020-02-19'),
('Germany', '', '', '', '', '0', '0', 16, 0, 12, 4, '2020-02-20'),
('Germany', '', '', '', '', '0', '0', 16, 0, 14, 2, '2020-02-21'),
('Germany', '', '', '', '', '0', '0', 16, 0, 14, 2, '2020-02-22'),
('Germany', '', '', '', '', '0', '0', 16, 0, 14, 2, '2020-02-23'),
('Germany', '', '', '', '', '0', '0', 16, 0, 14, 2, '2020-02-24'),
('Germany', '', '', '', '', '0', '0', 17, 0, 14, 3, '2020-02-25'),
('Germany', '', '', '', '', '0', '0', 27, 0, 15, 12, '2020-02-26'),
('Germany', '', '', '', '', '0', '0', 46, 0, 16, 30, '2020-02-27'),
('Germany', '', '', '', '', '0', '0', 48, 0, 16, 32, '2020-02-28'),
('Germany', '', '', '', '', '0', '0', 79, 0, 16, 63, '2020-02-29'),
('Germany', '', '', '', '', '0', '0', 130, 0, 16, 114, '2020-03-01'),
('Germany', '', '', '', '', '0', '0', 159, 0, 16, 143, '2020-03-02'),
('Germany', '', '', '', '', '0', '0', 196, 0, 16, 180, '2020-03-03'),
('Germany', '', '', '', '', '0', '0', 262, 0, 16, 246, '2020-03-04'),
('Germany', '', '', '', '', '0', '0', 482, 0, 16, 466, '2020-03-05'),
('Germany', '', '', '', '', '0', '0', 670, 0, 17, 653, '2020-03-06'),
('Germany', '', '', '', '', '0', '0', 799, 0, 18, 781, '2020-03-07'),
('Germany', '', '', '', '', '0', '0', 1040, 0, 18, 1022, '2020-03-08'),
('Germany', '', '', '', '', '0', '0', 1176, 2, 18, 1156, '2020-03-09'),
('Germany', '', '', '', '', '0', '0', 1457, 2, 18, 1437, '2020-03-10'),
('Germany', '', '', '', '', '0', '0', 1908, 3, 25, 1880, '2020-03-11'),
('Germany', '', '', '', '', '0', '0', 2078, 3, 25, 2050, '2020-03-12'),
('Germany', '', '', '', '', '0', '0', 3675, 7, 46, 3622, '2020-03-13'),
('Germany', '', '', '', '', '0', '0', 4585, 9, 46, 4530, '2020-03-14'),
('Germany', '', '', '', '', '0', '0', 5795, 11, 46, 5738, '2020-03-15'),
('Germany', '', '', '', '', '0', '0', 7272, 17, 67, 7188, '2020-03-16'),
('Germany', '', '', '', '', '0', '0', 9257, 24, 67, 9166, '2020-03-17'),
('Germany', '', '', '', '', '0', '0', 12327, 28, 105, 12194, '2020-03-18'),
('Germany', '', '', '', '', '0', '0', 15320, 44, 113, 15163, '2020-03-19'),
('Germany', '', '', '', '', '0', '0', 19848, 67, 180, 19601, '2020-03-20'),
('Germany', '', '', '', '', '0', '0', 22213, 84, 233, 21896, '2020-03-21'),
('Germany', '', '', '', '', '0', '0', 24873, 94, 266, 24513, '2020-03-22'),
('Germany', '', '', '', '', '0', '0', 29056, 123, 266, 28667, '2020-03-23'),
('Germany', '', '', '', '', '0', '0', 32986, 157, 3243, 29586, '2020-03-24'),
('Germany', '', '', '', '', '0', '0', 37323, 206, 3547, 33570, '2020-03-25'),
('Germany', '', '', '', '', '0', '0', 43938, 267, 5673, 37998, '2020-03-26'),
('Germany', '', '', '', '', '0', '0', 50871, 342, 6658, 43871, '2020-03-27'),
('Germany', '', '', '', '', '0', '0', 57695, 433, 8481, 48781, '2020-03-28'),
('Germany', '', '', '', '', '0', '0', 62095, 533, 9211, 52351, '2020-03-29'),
('Germany', '', '', '', '', '0', '0', 66885, 645, 13500, 52740, '2020-03-30'),
('Germany', '', '', '', '', '0', '0', 71808, 775, 16100, 54933, '2020-03-31'),
('Germany', '', '', '', '', '0', '0', 77872, 920, 18700, 58252, '2020-04-01'),
('Germany', '', '', '', '', '0', '0', 84794, 1107, 22440, 61247, '2020-04-02'),
('Germany', '', '', '', '', '0', '0', 91159, 1275, 24575, 65309, '2020-04-03'),
('Germany', '', '', '', '', '0', '0', 96092, 1444, 26400, 68248, '2020-04-04'),
('Germany', '', '', '', '', '0', '0', 100123, 1584, 28700, 69839, '2020-04-05'),
('Germany', '', '', '', '', '0', '0', 103374, 1810, 28700, 72864, '2020-04-06'),
('Germany', '', '', '', '', '0', '0', 107663, 2016, 36081, 69566, '2020-04-07'),
('Germany', '', '', '', '', '0', '0', 113296, 2349, 46300, 64647, '2020-04-08'),
('Germany', '', '', '', '', '0', '0', 118181, 2607, 52407, 63167, '2020-04-09'),
('Germany', '', '', '', '', '0', '0', 122171, 2767, 53913, 65491, '2020-04-10'),
('Germany', '', '', '', '', '0', '0', 124908, 2736, 57400, 64772, '2020-04-11'),
('Germany', '', '', '', '', '0', '0', 127854, 3022, 60300, 64532, '2020-04-12'),
('Germany', '', '', '', '', '0', '0', 130072, 3194, 64300, 62578, '2020-04-13'),
('Germany', '', '', '', '', '0', '0', 131359, 3294, 68200, 59865, '2020-04-14'),
('Germany', '', '', '', '', '0', '0', 134753, 3804, 72600, 58349, '2020-04-15'),
('Germany', '', '', '', '', '0', '0', 137698, 4052, 77000, 56646, '2020-04-16'),
('Germany', '', '', '', '', '0', '0', 141397, 4352, 83114, 53931, '2020-04-17'),
('Germany', '', '', '', '', '0', '0', 143342, 4459, 85400, 53483, '2020-04-18'),
('Germany', '', '', '', '', '0', '0', 145184, 4586, 88000, 52598, '2020-04-19'),
('Germany', '', '', '', '', '0', '0', 147065, 4862, 91500, 50703, '2020-04-20'),
('Germany', '', '', '', '', '0', '0', 148291, 5033, 95200, 48058, '2020-04-21'),
('Germany', '', '', '', '', '0', '0', 150648, 5279, 99400, 45969, '2020-04-22'),
('Germany', '', '', '', '', '0', '0', 153129, 5575, 103300, 44254, '2020-04-23'),
('Germany', '', '', '', '', '0', '0', 154999, 5760, 109800, 39439, '2020-04-24'),
('Germany', '', '', '', '', '0', '0', 156513, 5877, 109800, 40836, '2020-04-25'),
('Germany', '', '', '', '', '0', '0', 157770, 5976, 112000, 39794, '2020-04-26'),
('Germany', '', '', '', '', '0', '0', 158758, 6126, 114500, 38132, '2020-04-27'),
('Germany', '', '', '', '', '0', '0', 159912, 6314, 117400, 36198, '2020-04-28'),
('Germany', '', '', '', '', '0', '0', 161539, 6467, 120400, 34672, '2020-04-29'),
('Germany', '', '', '', '', '0', '0', 163009, 6623, 123500, 32886, '2020-04-30'),
('Germany', '', '', '', '', '0', '0', 164077, 6736, 126900, 30441, '2020-05-01'),
('Germany', '', '', '', '', '0', '0', 164967, 6812, 129000, 29155, '2020-05-02'),
('Germany', '', '', '', '', '0', '0', 165664, 6866, 130600, 28198, '2020-05-03'),
('Germany', '', '', '', '', '0', '0', 166152, 6993, 132700, 26459, '2020-05-04'),
('Germany', '', '', '', '', '0', '0', 167007, 6993, 135100, 24914, '2020-05-05'),
('Germany', '', '', '', '', '0', '0', 168162, 7275, 139900, 20987, '2020-05-06'),
('Germany', '', '', '', '', '0', '0', 169430, 7392, 141700, 20338, '2020-05-07'),
('Germany', '', '', '', '', '0', '0', 170588, 7510, 141700, 21378, '2020-05-08'),
('Germany', '', '', '', '', '0', '0', 171324, 7549, 143300, 20475, '2020-05-09'),
('Germany', '', '', '', '', '0', '0', 171879, 7569, 144400, 19910, '2020-05-10'),
('Germany', '', '', '', '', '0', '0', 172576, 7661, 145617, 19298, '2020-05-11'),
('Germany', '', '', '', '', '0', '0', 173171, 7738, 147200, 18233, '2020-05-12'),
('Germany', '', '', '', '', '0', '0', 174098, 7861, 148700, 17537, '2020-05-13'),
('Germany', '', '', '', '', '0', '0', 174478, 7884, 150300, 16294, '2020-05-14'),
('Germany', '', '', '', '', '0', '0', 175233, 7897, 151597, 15739, '2020-05-15'),
('Germany', '', '', '', '', '0', '0', 175752, 7938, 152600, 15214, '2020-05-16'),
('Germany', '', '', '', '', '0', '0', 176369, 7962, 154011, 14396, '2020-05-17'),
('Germany', '', '', '', '', '0', '0', 176551, 8003, 155041, 13507, '2020-05-18'),
('Germany', '', '', '', '', '0', '0', 177778, 8081, 155681, 14016, '2020-05-19'),
('Germany', '', '', '', '', '0', '0', 178473, 8144, 156966, 13363, '2020-05-20'),
('Germany', '', '', '', '', '0', '0', 179021, 8203, 158087, 12731, '2020-05-21'),
('Germany', '', '', '', '', '0', '0', 179710, 8228, 159064, 12418, '2020-05-22'),
('Germany', '', '', '', '', '0', '0', 179986, 8261, 159716, 12009, '2020-05-23'),
('Germany', '', '', '', '', '0', '0', 180328, 8283, 160281, 11764, '2020-05-24'),
('Germany', '', '', '', '', '0', '0', 180600, 8309, 161199, 11092, '2020-05-25'),
('Germany', '', '', '', '', '0', '0', 181200, 8372, 161967, 10861, '2020-05-26'),
('Germany', '', '', '', '', '0', '0', 181524, 8428, 162820, 10276, '2020-05-27'),
('Germany', '', '', '', '', '0', '0', 182196, 8470, 163360, 10366, '2020-05-28'),
('Germany', '', '', '', '', '0', '0', 182922, 8504, 164245, 10173, '2020-05-29'),
('Germany', '', '', '', '', '0', '0', 183189, 8530, 164908, 9751, '2020-05-30'),
('Germany', '', '', '', '', '0', '0', 183410, 8540, 165352, 9518, '2020-05-31'),
('Germany', '', '', '', '', '0', '0', 183594, 8555, 165632, 9407, '2020-06-01'),
('Germany', '', '', '', '', '0', '0', 183879, 8563, 166609, 8707, '2020-06-02'),
('Germany', '', '', '', '', '0', '0', 184121, 8602, 167453, 8066, '2020-06-03'),
('Germany', '', '', '', '', '0', '0', 184472, 8635, 167909, 7928, '2020-06-04'),
('Germany', '', '', '', '', '0', '0', 184924, 8658, 168480, 7786, '2020-06-05'),
('Germany', '', '', '', '', '0', '0', 185450, 8673, 168958, 7819, '2020-06-06'),
('Germany', '', '', '', '', '0', '0', 185750, 8685, 169224, 7841, '2020-06-07'),
('Germany', '', '', '', '', '0', '0', 186109, 8695, 169556, 7858, '2020-06-08'),
('Germany', '', '', '', '', '0', '0', 186506, 8736, 170129, 7641, '2020-06-09'),
('Germany', '', '', '', '', '0', '0', 186522, 8752, 170630, 7140, '2020-06-10'),
('Germany', '', '', '', '', '0', '0', 186691, 8772, 170961, 6958, '2020-06-11'),
('Germany', '', '', '', '', '0', '0', 187226, 8783, 171535, 6908, '2020-06-12'),
('Germany', '', '', '', '', '0', '0', 187267, 8793, 171970, 6504, '2020-06-13'),
('Germany', '', '', '', '', '0', '0', 187518, 8801, 172089, 6628, '2020-06-14'),
('Germany', '', '', '', '', '0', '0', 187682, 8807, 172692, 6183, '2020-06-15'),
('Germany', '', '', '', '', '0', '0', 188252, 8820, 172842, 6590, '2020-06-16'),
('Germany', '', '', '', '', '0', '0', 188604, 8851, 173599, 6154, '2020-06-17'),
('Germany', '', '', '', '', '0', '0', 189817, 8875, 173847, 7095, '2020-06-18'),
('Germany', '', '', '', '', '0', '0', 190299, 8887, 173972, 7440, '2020-06-19'),
('Germany', '', '', '', '', '0', '0', 190670, 8895, 174609, 7166, '2020-06-20'),
('Germany', '', '', '', '', '0', '0', 191272, 8895, 174740, 7637, '2020-06-21'),
('Germany', '', '', '', '', '0', '0', 191768, 8899, 175143, 7726, '2020-06-22'),
('Germany', '', '', '', '', '0', '0', 192480, 8914, 175825, 7741, '2020-06-23'),
('Germany', '', '', '', '', '0', '0', 192871, 8928, 176422, 7521, '2020-06-24'),
('Germany', '', '', '', '', '0', '0', 193371, 8940, 176764, 7667, '2020-06-25'),
('Germany', '', '', '', '', '0', '0', 194036, 8965, 177149, 7922, '2020-06-26'),
('Germany', '', '', '', '', '0', '0', 194458, 8968, 177518, 7972, '2020-06-27'),
('Germany', '', '', '', '', '0', '0', 194693, 8968, 177657, 8068, '2020-06-28'),
('Germany', '', '', '', '', '0', '0', 195042, 8976, 177770, 8296, '2020-06-29'),
('Germany', '', '', '', '', '0', '0', 195418, 8990, 178100, 8328, '2020-06-30'),
('Germany', '', '', '', '', '0', '0', 195893, 8995, 179100, 7798, '2020-07-01'),
('Germany', '', '', '', '', '0', '0', 196370, 9006, 179800, 7564, '2020-07-02'),
('Germany', '', '', '', '', '0', '0', 196780, 9010, 180300, 7470, '2020-07-03'),
('Germany', '', '', '', '', '0', '0', 197198, 9020, 181000, 7178, '2020-07-04'),
('Germany', '', '', '', '', '0', '0', 197523, 9023, 181719, 6781, '2020-07-05'),
('Germany', '', '', '', '', '0', '0', 198064, 9022, 182160, 6882, '2020-07-06'),
('Germany', '', '', '', '', '0', '0', 198343, 9032, 182661, 6650, '2020-07-07'),
('Germany', '', '', '', '', '0', '0', 198699, 9046, 183153, 6500, '2020-07-08'),
('Germany', '', '', '', '', '0', '0', 199001, 9057, 183728, 6216, '2020-07-09'),
('Germany', '', '', '', '', '0', '0', 199332, 9063, 184028, 6241, '2020-07-10'),
('Germany', '', '', '', '', '0', '0', 199709, 9070, 184266, 6373, '2020-07-11'),
('Germany', '', '', '', '', '0', '0', 199919, 9071, 184414, 6434, '2020-07-12'),
('Germany', '', '', '', '', '0', '0', 200180, 9074, 185100, 6006, '2020-07-13'),
('Germany', '', '', '', '', '0', '0', 200456, 9078, 185100, 6278, '2020-07-14'),
('Germany', '', '', '', '', '0', '0', 200890, 9080, 186000, 5810, '2020-07-15'),
('Germany', '', '', '', '', '0', '0', 201450, 9087, 186400, 5963, '2020-07-16'),
('Germany', '', '', '', '', '0', '0', 202045, 9088, 186900, 6057, '2020-07-17'),
('Germany', '', '', '', '', '0', '0', 202426, 9091, 187200, 6135, '2020-07-18'),
('Germany', '', '', '', '', '0', '0', 202735, 9092, 187400, 6243, '2020-07-19'),
('Germany', '', '', '', '', '0', '0', 203325, 9094, 188070, 6161, '2020-07-20'),
('Germany', '', '', '', '', '0', '0', 203717, 9099, 188221, 6397, '2020-07-21'),
('Germany', '', '', '', '', '0', '0', 204276, 9102, 188628, 6546, '2020-07-22'),
('Germany', '', '', '', '', '0', '0', 204881, 9110, 189140, 6631, '2020-07-23'),
('Germany', '', '', '', '', '0', '0', 205623, 9120, 189696, 6807, '2020-07-24'),
('Germany', '', '', '', '', '0', '0', 206278, 9124, 189919, 7235, '2020-07-25'),
('Germany', '', '', '', '', '0', '0', 206667, 9124, 190055, 7488, '2020-07-26'),
('Germany', '', '', '', '', '0', '0', 207112, 9125, 190314, 7673, '2020-07-27'),
('Germany', '', '', '', '', '0', '0', 207707, 9131, 190711, 7865, '2020-07-28'),
('Germany', '', '', '', '', '0', '0', 208546, 9135, 191279, 8132, '2020-07-29'),
('Germany', '', '', '', '', '0', '0', 209535, 9144, 191551, 8840, '2020-07-30'),
('Germany', '', '', '', '', '0', '0', 210399, 9147, 191992, 9260, '2020-07-31'),
('Germany', '', '', '', '', '0', '0', 211005, 9154, 192636, 9215, '2020-08-01'),
('Germany', '', '', '', '', '0', '0', 211220, 9154, 192908, 9158, '2020-08-02');
INSERT INTO `totalfromdayone` (`Country`, `CountryCode`, `Province`, `City`, `CityCode`, `Lat`, `Lon`, `Confirmed`, `Deaths`, `Recovered`, `Active`, `Date`) VALUES
('Germany', '', '', '', '', '0', '0', 212111, 9154, 193594, 9363, '2020-08-03'),
('Germany', '', '', '', '', '0', '0', 212828, 9163, 194173, 9492, '2020-08-04'),
('Germany', '', '', '', '', '0', '0', 214113, 9179, 194568, 10366, '2020-08-05'),
('Germany', '', '', '', '', '0', '0', 215039, 9181, 195281, 10577, '2020-08-06'),
('Germany', '', '', '', '', '0', '0', 216196, 9195, 195935, 11066, '2020-08-07'),
('Germany', '', '', '', '', '0', '0', 216903, 9201, 196550, 11152, '2020-08-08'),
('Germany', '', '', '', '', '0', '0', 217288, 9202, 196783, 11303, '2020-08-09'),
('Germany', '', '', '', '', '0', '0', 218508, 9203, 197382, 11923, '2020-08-10'),
('Germany', '', '', '', '', '0', '0', 219540, 9208, 198347, 11985, '2020-08-11'),
('Germany', '', '', '', '', '0', '0', 220859, 9213, 198991, 12655, '2020-08-12'),
('Germany', '', '', '', '', '0', '0', 222281, 9217, 199654, 13410, '2020-08-13'),
('Germany', '', '', '', '', '0', '0', 223791, 9230, 200440, 14121, '2020-08-14'),
('Germany', '', '', '', '', '0', '0', 224488, 9235, 200756, 14497, '2020-08-15'),
('Germany', '', '', '', '', '0', '0', 225007, 9235, 201187, 14585, '2020-08-16'),
('Germany', '', '', '', '', '0', '0', 226700, 9236, 202249, 15215, '2020-08-17'),
('Germany', '', '', '', '', '0', '0', 228120, 9241, 203677, 15202, '2020-08-18'),
('Germany', '', '', '', '', '0', '0', 229706, 9249, 204454, 16003, '2020-08-19'),
('Germany', '', '', '', '', '0', '0', 231292, 9263, 205359, 16670, '2020-08-20'),
('Germany', '', '', '', '', '0', '0', 233029, 9266, 206656, 17107, '2020-08-21'),
('Germany', '', '', '', '', '0', '0', 233861, 9272, 207606, 16983, '2020-08-22'),
('Germany', '', '', '', '', '0', '0', 234494, 9275, 207985, 17234, '2020-08-23'),
('Germany', '', '', '', '', '0', '0', 236122, 9276, 208653, 18193, '2020-08-24'),
('Germany', '', '', '', '', '0', '0', 237583, 9281, 210333, 17969, '2020-08-25'),
('Germany', '', '', '', '', '0', '0', 239010, 9285, 211691, 18034, '2020-08-26'),
('Germany', '', '', '', '', '0', '0', 240571, 9290, 212909, 18372, '2020-08-27'),
('Germany', '', '', '', '', '0', '0', 242126, 9290, 214186, 18650, '2020-08-28'),
('Germany', '', '', '', '', '0', '0', 242835, 9299, 214790, 18746, '2020-08-29'),
('Germany', '', '', '', '', '0', '0', 243305, 9300, 215283, 18722, '2020-08-30'),
('Germany', '', '', '', '', '0', '0', 244802, 9303, 216795, 18704, '2020-08-31'),
('Germany', '', '', '', '', '0', '0', 246015, 9307, 218403, 18305, '2020-09-01'),
('Germany', '', '', '', '', '0', '0', 247411, 9322, 219904, 18185, '2020-09-02'),
('Germany', '', '', '', '', '0', '0', 248840, 9322, 221525, 17993, '2020-09-03'),
('Germany', '', '', '', '', '0', '0', 250283, 9327, 222802, 18154, '2020-09-04'),
('Germany', '', '', '', '', '0', '0', 251058, 9329, 223570, 18159, '2020-09-05'),
('Germany', '', '', '', '', '0', '0', 251728, 9330, 224215, 18183, '2020-09-06'),
('Germany', '', '', '', '', '0', '0', 253626, 9331, 225704, 18591, '2020-09-07'),
('Germany', '', '', '', '', '0', '0', 254957, 9336, 227379, 18242, '2020-09-08'),
('Germany', '', '', '', '', '0', '0', 256433, 9342, 228784, 18307, '2020-09-09'),
('Germany', '', '', '', '', '0', '0', 258149, 9345, 230283, 18521, '2020-09-10'),
('Germany', '', '', '', '', '0', '0', 259735, 9348, 231349, 19038, '2020-09-11'),
('Germany', '', '', '', '', '0', '0', 260817, 9352, 231953, 19512, '2020-09-12'),
('Germany', '', '', '', '', '0', '0', 261737, 9354, 232541, 19842, '2020-09-13'),
('Germany', '', '', '', '', '0', '0', 263222, 9356, 234017, 19849, '2020-09-14'),
('Germany', '', '', '', '', '0', '0', 265014, 9367, 235112, 20535, '2020-09-15'),
('Germany', '', '', '', '', '0', '0', 266869, 9373, 236623, 20873, '2020-09-16'),
('Germany', '', '', '', '', '0', '0', 269048, 9376, 238437, 21235, '2020-09-17'),
('Germany', '', '', '', '', '0', '0', 271247, 9386, 239654, 22207, '2020-09-18'),
('Germany', '', '', '', '', '0', '0', 272932, 9388, 240510, 23034, '2020-09-19'),
('Germany', '', '', '', '', '0', '0', 273965, 9390, 241192, 23383, '2020-09-20'),
('Germany', '', '', '', '', '0', '0', 275560, 9390, 242656, 23514, '2020-09-21'),
('Germany', '', '', '', '', '0', '0', 277412, 9405, 244693, 23314, '2020-09-22'),
('Germany', '', '', '', '', '0', '0', 279025, 9423, 245706, 23896, '2020-09-23'),
('Germany', '', '', '', '', '0', '0', 281346, 9436, 247766, 24144, '2020-09-24'),
('Germany', '', '', '', '', '0', '0', 283712, 9451, 249164, 25097, '2020-09-25'),
('Germany', '', '', '', '', '0', '0', 285026, 9459, 250104, 25463, '2020-09-26'),
('Germany', '', '', '', '', '0', '0', 286339, 9464, 250866, 26009, '2020-09-27'),
('Germany', '', '', '', '', '0', '0', 288631, 9468, 252693, 26470, '2020-09-28'),
('Germany', '', '', '', '', '0', '0', 290471, 9483, 255212, 25776, '2020-09-29'),
('Germany', '', '', '', '', '0', '0', 292913, 9495, 256861, 26557, '2020-09-30'),
('Germany', '', '', '', '', '0', '0', 295539, 9509, 258220, 27810, '2020-10-01'),
('Germany', '', '', '', '', '0', '0', 298374, 9518, 259722, 29134, '2020-10-02'),
('Germany', '', '', '', '', '0', '0', 300027, 9531, 260916, 29580, '2020-10-03'),
('Germany', '', '', '', '', '0', '0', 301573, 9533, 262002, 30038, '2020-10-04'),
('Germany', '', '', '', '', '0', '0', 304673, 9554, 265624, 29495, '2020-10-05'),
('Germany', '', '', '', '', '0', '0', 307127, 9566, 267747, 29814, '2020-10-06'),
('Germany', '', '', '', '', '0', '0', 311137, 9582, 269722, 31833, '2020-10-07'),
('Germany', '', '', '', '', '0', '0', 315941, 9594, 271960, 34387, '2020-10-08'),
('Germany', '', '', '', '', '0', '0', 320495, 9599, 273718, 37178, '2020-10-09'),
('Germany', '', '', '', '', '0', '0', 323463, 9620, 274934, 38909, '2020-10-10'),
('Germany', '', '', '', '', '0', '0', 326309, 9626, 276983, 39700, '2020-10-11'),
('Germany', '', '', '', '', '0', '0', 332850, 9640, 278391, 44819, '2020-10-12'),
('Germany', '', '', '', '', '0', '0', 337314, 9682, 280533, 47099, '2020-10-13'),
('Germany', '', '', '', '', '0', '0', 344487, 9716, 283656, 51115, '2020-10-14'),
('Germany', '', '', '', '', '0', '0', 352107, 9739, 286137, 56231, '2020-10-15'),
('Germany', '', '', '', '', '0', '0', 359802, 9773, 289027, 61002, '2020-10-16'),
('Germany', '', '', '', '', '0', '0', 364664, 9785, 291129, 63750, '2020-10-17'),
('Germany', '', '', '', '', '0', '0', 368671, 9798, 293447, 65426, '2020-10-18'),
('Germany', '', '', '', '', '0', '0', 377068, 9842, 296672, 70554, '2020-10-19'),
('Germany', '', '', '', '', '0', '0', 385591, 9882, 299743, 75966, '2020-10-20'),
('Germany', '', '', '', '', '0', '0', 397922, 9911, 304173, 83838, '2020-10-21'),
('Germany', '', '', '', '', '0', '0', 403874, 9960, 308779, 85135, '2020-10-22'),
('Germany', '', '', '', '', '0', '0', 417350, 9978, 312347, 95025, '2020-10-23'),
('Germany', '', '', '', '', '0', '0', 427808, 10035, 316124, 101649, '2020-10-24'),
('Germany', '', '', '', '', '0', '0', 437698, 10062, 320004, 107632, '2020-10-25'),
('Germany', '', '', '', '', '0', '0', 450258, 10091, 325052, 115115, '2020-10-26'),
('Germany', '', '', '', '', '0', '0', 463419, 10121, 327697, 125601, '2020-10-27'),
('Germany', '', '', '', '', '0', '0', 479621, 10218, 336764, 132639, '2020-10-28'),
('Germany', '', '', '', '', '0', '0', 498354, 10305, 340436, 147613, '2020-10-29'),
('Germany', '', '', '', '', '0', '0', 517736, 10391, 351921, 155424, '2020-10-30'),
('Germany', '', '', '', '', '0', '0', 531790, 10483, 356410, 164897, '2020-10-31'),
('Germany', '', '', '', '', '0', '0', 544346, 10513, 363545, 170288, '2020-11-01'),
('Germany', '', '', '', '', '0', '0', 569598, 10669, 372499, 186430, '2020-11-02'),
('Germany', '', '', '', '', '0', '0', 577131, 10717, 373391, 193023, '2020-11-03'),
('Germany', '', '', '', '', '0', '0', 608611, 10949, 384012, 213650, '2020-11-04'),
('Germany', '', '', '', '', '0', '0', 631172, 11110, 394616, 225446, '2020-11-05'),
('Germany', '', '', '', '', '0', '0', 653992, 11240, 405809, 236943, '2020-11-06'),
('Germany', '', '', '', '', '0', '0', 668114, 11306, 413484, 243324, '2020-11-07'),
('Germany', '', '', '', '', '0', '0', 682624, 11372, 421151, 250101, '2020-11-08'),
('Germany', '', '', '', '', '0', '0', 689146, 11408, 443621, 234117, '2020-11-09'),
('Germany', '', '', '', '', '0', '0', 715693, 11781, 446402, 257510, '2020-11-10'),
('Germany', '', '', '', '', '0', '0', 738094, 11994, 460504, 265596, '2020-11-11'),
('Germany', '', '', '', '', '0', '0', 762832, 12216, 474208, 276408, '2020-11-12'),
('Germany', '', '', '', '', '0', '0', 785093, 12404, 487913, 284776, '2020-11-13'),
('Germany', '', '', '', '', '0', '0', 799733, 12511, 498996, 288226, '2020-11-14'),
('Germany', '', '', '', '', '0', '0', 802946, 12573, 505714, 284659, '2020-11-15'),
('Germany', '', '', '', '', '0', '0', 817526, 12833, 522313, 282380, '2020-11-16'),
('Germany', '', '', '', '', '0', '0', 843757, 13138, 537347, 293272, '2020-11-17'),
('Germany', '', '', '', '', '0', '0', 867484, 13390, 554272, 299822, '2020-11-18'),
('Germany', '', '', '', '', '0', '0', 891525, 13662, 570961, 306902, '2020-11-19'),
('Germany', '', '', '', '', '0', '0', 914118, 13918, 587780, 312420, '2020-11-20'),
('Germany', '', '', '', '', '0', '0', 927990, 14061, 600991, 312938, '2020-11-21'),
('Germany', '', '', '', '', '0', '0', 932367, 14159, 611627, 306581, '2020-11-22'),
('Germany', '', '', '', '', '0', '0', 946822, 14460, 630375, 301987, '2020-11-23'),
('Germany', '', '', '', '', '0', '0', 963192, 14832, 649070, 299290, '2020-11-24'),
('Germany', '', '', '', '', '0', '0', 995879, 15210, 666373, 314296, '2020-11-25'),
('Germany', '', '', '', '', '0', '0', 1017830, 15640, 685537, 316653, '2020-11-26'),
('Germany', '', '', '', '', '0', '0', 1038649, 16011, 705213, 317425, '2020-11-27'),
('Germany', '', '', '', '', '0', '0', 1052494, 16181, 718604, 317709, '2020-11-28'),
('Germany', '', '', '', '', '0', '0', 1055691, 16306, 730797, 308588, '2020-11-29'),
('Germany', '', '', '', '', '0', '0', 1069912, 16694, 749219, 303999, '2020-11-30'),
('Germany', '', '', '', '', '0', '0', 1094678, 17177, 769380, 308121, '2020-12-01'),
('Germany', '', '', '', '', '0', '0', 1117953, 17659, 789564, 310730, '2020-12-02'),
('Germany', '', '', '', '', '0', '0', 1141544, 18097, 811091, 312356, '2020-12-03'),
('Germany', '', '', '', '', '0', '0', 1157514, 18577, 831935, 307002, '2020-12-04'),
('Germany', '', '', '', '', '0', '0', 1183640, 18839, 852580, 312221, '2020-12-05'),
('Germany', '', '', '', '', '0', '0', 1194550, 18989, 868285, 307276, '2020-12-06'),
('Germany', '', '', '', '', '0', '0', 1200006, 19434, 888701, 291871, '2020-12-07'),
('Germany', '', '', '', '', '0', '0', 1229269, 20002, 909058, 300209, '2020-12-08'),
('Germany', '', '', '', '', '0', '0', 1254358, 20460, 929272, 304626, '2020-12-09'),
('Germany', '', '', '', '', '0', '0', 1287092, 21064, 949913, 316115, '2020-12-10'),
('Germany', '', '', '', '', '0', '0', 1314309, 21567, 966238, 326504, '2020-12-11'),
('Germany', '', '', '', '', '0', '0', 1336101, 21900, 975931, 338270, '2020-12-12'),
('Germany', '', '', '', '', '0', '0', 1350810, 22106, 990707, 337997, '2020-12-13'),
('Germany', '', '', '', '', '0', '0', 1357261, 22634, 1012077, 322550, '2020-12-14'),
('Germany', '', '', '', '', '0', '0', 1391086, 23544, 1031721, 335821, '2020-12-15'),
('Germany', '', '', '', '', '0', '0', 1423830, 24273, 1056477, 343080, '2020-12-16'),
('Germany', '', '', '', '', '0', '0', 1454009, 25027, 1078944, 350038, '2020-12-17'),
('Germany', '', '', '', '', '0', '0', 1486839, 25754, 1095982, 365103, '2020-12-18'),
('Germany', '', '', '', '', '0', '0', 1508518, 26171, 1107115, 375232, '2020-12-19'),
('Germany', '', '', '', '', '0', '0', 1514962, 26400, 1123725, 364837, '2020-12-20'),
('Germany', '', '', '', '', '0', '0', 1534218, 27110, 1147943, 359165, '2020-12-21'),
('Germany', '', '', '', '', '0', '0', 1570371, 28096, 1171444, 370831, '2020-12-22'),
('Germany', '', '', '', '', '0', '0', 1604129, 28909, 1197472, 377748, '2020-12-23'),
('Germany', '', '', '', '', '0', '0', 1630596, 29330, 1220277, 380989, '2020-12-24'),
('Germany', '', '', '', '', '0', '0', 1632736, 29580, 1235968, 367188, '2020-12-25'),
('Germany', '', '', '', '', '0', '0', 1646240, 29946, 1253285, 363009, '2020-12-26'),
('Germany', '', '', '', '', '0', '0', 1658639, 30297, 1272032, 356310, '2020-12-27'),
('Germany', '', '', '', '', '0', '0', 1672643, 31145, 1294932, 346566, '2020-12-28'),
('Germany', '', '', '', '', '0', '0', 1692109, 32267, 1319757, 340085, '2020-12-29'),
('Germany', '', '', '', '', '0', '0', 1741153, 33230, 1345952, 361971, '2020-12-30'),
('Germany', '', '', '', '', '0', '0', 1760520, 33791, 1350708, 376021, '2020-12-31'),
('Germany', '', '', '', '', '0', '0', 1762637, 34145, 1388744, 339748, '2021-01-01'),
('Germany', '', '', '', '', '0', '0', 1773540, 34480, 1400810, 338250, '2021-01-02'),
('Germany', '', '', '', '', '0', '0', 1783896, 34791, 1422151, 326954, '2021-01-03'),
('Germany', '', '', '', '', '0', '0', 1796216, 35748, 1445442, 315026, '2021-01-04'),
('Germany', '', '', '', '', '0', '0', 1814565, 36757, 1472311, 305497, '2021-01-05'),
('Germany', '', '', '', '', '0', '0', 1841228, 37835, 1496182, 307211, '2021-01-06'),
('Germany', '', '', '', '', '0', '0', 1886561, 38987, 1517019, 330555, '2021-01-07'),
('Germany', '', '', '', '', '0', '0', 1905638, 40022, 1533143, 332473, '2021-01-08'),
('Germany', '', '', '', '', '0', '0', 1928462, 40597, 1546206, 341659, '2021-01-09'),
('Germany', '', '', '', '', '0', '0', 1929410, 40936, 1566907, 321567, '2021-01-10'),
('Germany', '', '', '', '', '0', '0', 1941116, 41799, 1590171, 309146, '2021-01-11'),
('Germany', '', '', '', '', '0', '0', 1968326, 42889, 1616761, 308676, '2021-01-12'),
('Germany', '', '', '', '', '0', '0', 1993892, 44096, 1640682, 309114, '2021-01-13'),
('Germany', '', '', '', '', '0', '0', 2015235, 45207, 1661394, 308634, '2021-01-14'),
('Germany', '', '', '', '', '0', '0', 2023828, 45705, 1664176, 313947, '2021-01-15'),
('Germany', '', '', '', '', '0', '0', 2038645, 46464, 1680479, 311702, '2021-01-16'),
('Germany', '', '', '', '', '0', '0', 2050129, 46901, 1709540, 293688, '2021-01-17'),
('Germany', '', '', '', '', '0', '0', 2059382, 47263, 1713196, 298923, '2021-01-18'),
('Germany', '', '', '', '', '0', '0', 2071615, 48997, 1757713, 264905, '2021-01-19'),
('Germany', '', '', '', '', '0', '0', 2100618, 50010, 1778319, 272289, '2021-01-20'),
('Germany', '', '', '', '', '0', '0', 2108895, 50876, 1797648, 260371, '2021-01-21'),
('Germany', '', '', '', '', '0', '0', 2125261, 51713, 1813894, 259654, '2021-01-22'),
('Germany', '', '', '', '', '0', '0', 2137691, 51873, 1826161, 259657, '2021-01-23'),
('Germany', '', '', '', '', '0', '0', 2147769, 52296, 1840970, 254503, '2021-01-24'),
('Germany', '', '', '', '', '0', '0', 2154656, 53127, 1859936, 241593, '2021-01-25'),
('Germany', '', '', '', '', '0', '0', 2164043, 53619, 1881933, 228491, '2021-01-26'),
('Germany', '', '', '', '', '0', '0', 2179679, 54498, 1881933, 81408, '2021-01-27'),
('Germany', '', '', '', '', '0', '0', 2194562, 55883, 1915501, 223178, '2021-01-28'),
('Germany', '', '', '', '', '0', '0', 2207393, 56286, 1917964, 233143, '2021-01-29'),
('Germany', '', '', '', '', '0', '0', 2224911, 57105, 1938929, 228877, '2021-01-30'),
('Germany', '', '', '', '', '0', '0', 2225659, 57163, 1940046, 228450, '2021-01-31'),
('Germany', '', '', '', '', '0', '0', 2232327, 58059, 1967132, 207136, '2021-02-01'),
('Germany', '', '', '', '', '0', '0', 2240017, 58992, 1986214, 194811, '2021-02-02'),
('Germany', '', '', '', '', '0', '0', 2252504, 59776, 2003831, 188897, '2021-02-03'),
('Germany', '', '', '', '', '0', '0', 2265536, 60634, 2020303, 184599, '2021-02-04'),
('Germany', '', '', '', '', '0', '0', 2276371, 61324, 2033168, 181879, '2021-02-05'),
('Germany', '', '', '', '', '0', '0', 2285003, 61551, 2041988, 181464, '2021-02-06'),
('Germany', '', '', '', '', '0', '0', 2291673, 61708, 2052656, 177309, '2021-02-07'),
('Germany', '', '', '', '', '0', '0', 2296323, 62191, 2054340, 179792, '2021-02-08'),
('Germany', '', '', '', '', '0', '0', 2302051, 63006, 2081966, 157079, '2021-02-09'),
('Germany', '', '', '', '', '0', '0', 2311297, 63672, 2096775, 150850, '2021-02-10'),
('Germany', '', '', '', '', '0', '0', 2321225, 64224, 2109508, 147493, '2021-02-11'),
('Germany', '', '', '', '', '0', '0', 2330422, 64771, 2120342, 145309, '2021-02-12'),
('Germany', '', '', '', '', '0', '0', 2336906, 64990, 2128002, 143914, '2021-02-13'),
('Germany', '', '', '', '', '0', '0', 2341744, 65107, 2136933, 139704, '2021-02-14'),
('Germany', '', '', '', '', '0', '0', 2346876, 65288, 2148269, 133319, '2021-02-15'),
('Germany', '', '', '', '', '0', '0', 2352766, 65829, 2161100, 125837, '2021-02-16'),
('Germany', '', '', '', '', '0', '0', 2362364, 66732, 2172312, 123320, '2021-02-17'),
('Germany', '', '', '', '', '0', '0', 2372209, 67245, 2182370, 122594, '2021-02-18'),
('Germany', '', '', '', '', '0', '0', 2381259, 67741, 2191208, 122310, '2021-02-19'),
('Germany', '', '', '', '', '0', '0', 2388421, 67883, 2197065, 123473, '2021-02-20'),
('Germany', '', '', '', '', '0', '0', 2394515, 67946, 2204110, 122459, '2021-02-21'),
('Germany', '', '', '', '', '0', '0', 2399499, 68363, 2212439, 118697, '2021-02-22'),
('Germany', '', '', '', '', '0', '0', 2405263, 68785, 2221972, 114506, '2021-02-23'),
('Germany', '', '', '', '', '0', '0', 2416037, 69170, 2231073, 115794, '2021-02-24'),
('Germany', '', '', '', '', '0', '0', 2427069, 69343, 2232050, 125676, '2021-02-25'),
('Germany', '', '', '', '', '0', '0', 2436506, 69939, 2247173, 119394, '2021-02-26'),
('Germany', '', '', '', '', '0', '0', 2444177, 70092, 2252970, 121115, '2021-02-27'),
('Germany', '', '', '', '', '0', '0', 2450295, 70152, 2259548, 120595, '2021-02-28'),
('Germany', '', '', '', '', '0', '0', 2455569, 70514, 2260719, 124336, '2021-03-01'),
('Germany', '', '', '', '', '0', '0', 2462061, 70926, 2277626, 113509, '2021-03-02'),
('Germany', '', '', '', '', '0', '0', 2472913, 71285, 2286728, 114900, '2021-03-03'),
('Germany', '', '', '', '', '0', '0', 2484306, 71554, 2295405, 117347, '2021-03-04'),
('Germany', '', '', '', '', '0', '0', 2493887, 71852, 2302899, 119136, '2021-03-05'),
('Germany', '', '', '', '', '0', '0', 2502151, 71951, 2308094, 122106, '2021-03-06'),
('Germany', '', '', '', '', '0', '0', 2508655, 71984, 2314400, 2436671, '2021-03-07'),
('Germany', '', '', '', '', '0', '0', 2513784, 72236, 2322734, 118814, '2021-03-08'),
('Germany', '', '', '', '', '0', '0', 2520618, 72534, 2331890, 116194, '2021-03-09'),
('Germany', '', '', '', '', '0', '0', 2541781, 72858, 2340473, 128450, '2021-03-10'),
('Germany', '', '', '', '', '0', '0', 2546526, 73120, 2349384, 124022, '2021-03-11'),
('Germany', '', '', '', '', '0', '0', 2559296, 73348, 2356590, 129358, '2021-03-12'),
('Germany', '', '', '', '', '0', '0', 2569864, 73369, 2357374, 139121, '2021-03-13'),
('Germany', '', '', '', '', '0', '0', 2578842, 73463, 2368995, 136384, '2021-03-14'),
('Germany', '', '', '', '', '0', '0', 2585385, 73701, 2377584, 134100, '2021-03-15'),
('Germany', '', '', '', '', '0', '0', 2603064, 73952, 2387232, 141880, '2021-03-16'),
('Germany', '', '', '', '', '0', '0', 2610769, 74043, 2387743, 148983, '2021-03-17'),
('Germany', '', '', '', '', '0', '0', 2639258, 74402, 2405600, 159256, '2021-03-18'),
('Germany', '', '', '', '', '0', '0', 2654734, 74608, 2413584, 166542, '2021-03-19'),
('Germany', '', '', '', '', '0', '0', 2669233, 74706, 2419292, 175235, '2021-03-20'),
('Germany', '', '', '', '', '0', '0', 2670001, 74756, 2426700, 168545, '2021-03-21'),
('Germany', '', '', '', '', '0', '0', 2678262, 75009, 2437183, 166070, '2021-03-22'),
('Germany', '', '', '', '', '0', '0', 2699231, 75255, 2448828, 175148, '2021-03-23'),
('Germany', '', '', '', '', '0', '0', 2722988, 75484, 2460019, 187485, '2021-03-24'),
('Germany', '', '', '', '', '0', '0', 2744608, 75669, 2471558, 197381, '2021-03-25'),
('Germany', '', '', '', '', '0', '0', 2765297, 75828, 2481908, 207561, '2021-03-26'),
('Germany', '', '', '', '', '0', '0', 2782925, 75915, 2489198, 217812, '2021-03-27'),
('Germany', '', '', '', '', '0', '0', 2784652, 75959, 2499010, 209683, '2021-03-28'),
('Germany', '', '', '', '', '0', '0', 2794949, 76139, 2511417, 207393, '2021-03-29'),
('Germany', '', '', '', '', '0', '0', 2818630, 76389, 2525580, 216661, '2021-03-30'),
('Germany', '', '', '', '', '0', '0', 2843644, 76589, 2539660, 227395, '2021-03-31'),
('Germany', '', '', '', '', '0', '0', 2866323, 76823, 2552020, 237480, '2021-04-01'),
('Germany', '', '', '', '', '0', '0', 2882356, 76940, 2566530, 238886, '2021-04-02'),
('Germany', '', '', '', '', '0', '0', 2886029, 77010, 2575740, 233279, '2021-04-03'),
('Germany', '', '', '', '', '0', '0', 2896329, 77060, 2585850, 233419, '2021-04-04'),
('Germany', '', '', '', '', '0', '0', 2902309, 77136, 2587580, 237593, '2021-04-05'),
('Germany', '', '', '', '', '0', '0', 2909902, 77245, 2604890, 227767, '2021-04-06'),
('Germany', '', '', '', '', '0', '0', 2940279, 77755, 2638320, 224204, '2021-04-07'),
('Germany', '', '', '', '', '0', '0', 2966789, 78049, 2640300, 248440, '2021-04-08'),
('Germany', '', '', '', '', '0', '0', 2990724, 78295, 2654930, 257499, '2021-04-09'),
('Germany', '', '', '', '', '0', '0', 3009452, 78402, 2668910, 262140, '2021-04-10'),
('Germany', '', '', '', '', '0', '0', 3012158, 78500, 2692230, 241428, '2021-04-11'),
('Germany', '', '', '', '', '0', '0', 3024604, 78796, 2708320, 237488, '2021-04-12'),
('Germany', '', '', '', '', '0', '0', 3054025, 79137, 2726910, 247978, '2021-04-13'),
('Germany', '', '', '', '', '0', '0', 3085142, 79427, 2744940, 260775, '2021-04-14'),
('Germany', '', '', '', '', '0', '0', 3110252, 79672, 2747460, 283120, '2021-04-15'),
('Germany', '', '', '', '', '0', '0', 3134108, 79894, 2763260, 290954, '2021-04-16'),
('Germany', '', '', '', '', '0', '0', 3154305, 79971, 2784540, 289794, '2021-04-17'),
('Italy', '', '', '', '', '0', '0', 2, 0, 0, 2, '2020-01-31'),
('Italy', '', '', '', '', '0', '0', 2, 0, 0, 2, '2020-02-01'),
('Italy', '', '', '', '', '0', '0', 2, 0, 0, 2, '2020-02-02'),
('Italy', '', '', '', '', '0', '0', 2, 0, 0, 2, '2020-02-03'),
('Italy', '', '', '', '', '0', '0', 2, 0, 0, 2, '2020-02-04'),
('Italy', '', '', '', '', '0', '0', 2, 0, 0, 2, '2020-02-05'),
('Italy', '', '', '', '', '0', '0', 2, 0, 0, 2, '2020-02-06'),
('Italy', '', '', '', '', '0', '0', 3, 0, 0, 3, '2020-02-07'),
('Italy', '', '', '', '', '0', '0', 3, 0, 0, 3, '2020-02-08'),
('Italy', '', '', '', '', '0', '0', 3, 0, 0, 3, '2020-02-09'),
('Italy', '', '', '', '', '0', '0', 3, 0, 0, 3, '2020-02-10'),
('Italy', '', '', '', '', '0', '0', 3, 0, 0, 3, '2020-02-11'),
('Italy', '', '', '', '', '0', '0', 3, 0, 0, 3, '2020-02-12'),
('Italy', '', '', '', '', '0', '0', 3, 0, 0, 3, '2020-02-13'),
('Italy', '', '', '', '', '0', '0', 3, 0, 0, 3, '2020-02-14'),
('Italy', '', '', '', '', '0', '0', 3, 0, 0, 3, '2020-02-15'),
('Italy', '', '', '', '', '0', '0', 3, 0, 0, 3, '2020-02-16'),
('Italy', '', '', '', '', '0', '0', 3, 0, 0, 3, '2020-02-17'),
('Italy', '', '', '', '', '0', '0', 3, 0, 0, 3, '2020-02-18'),
('Italy', '', '', '', '', '0', '0', 3, 0, 0, 3, '2020-02-19'),
('Italy', '', '', '', '', '0', '0', 3, 0, 0, 3, '2020-02-20'),
('Italy', '', '', '', '', '0', '0', 20, 1, 0, 19, '2020-02-21'),
('Italy', '', '', '', '', '0', '0', 62, 2, 1, 59, '2020-02-22'),
('Italy', '', '', '', '', '0', '0', 155, 3, 2, 150, '2020-02-23'),
('Italy', '', '', '', '', '0', '0', 229, 7, 1, 221, '2020-02-24'),
('Italy', '', '', '', '', '0', '0', 322, 10, 1, 311, '2020-02-25'),
('Italy', '', '', '', '', '0', '0', 453, 12, 3, 438, '2020-02-26'),
('Italy', '', '', '', '', '0', '0', 655, 17, 45, 593, '2020-02-27'),
('Italy', '', '', '', '', '0', '0', 888, 21, 46, 821, '2020-02-28'),
('Italy', '', '', '', '', '0', '0', 1128, 29, 46, 1053, '2020-02-29'),
('Italy', '', '', '', '', '0', '0', 1694, 34, 83, 1577, '2020-03-01'),
('Italy', '', '', '', '', '0', '0', 2036, 52, 149, 1835, '2020-03-02'),
('Italy', '', '', '', '', '0', '0', 2502, 79, 160, 2263, '2020-03-03'),
('Italy', '', '', '', '', '0', '0', 3089, 107, 276, 2706, '2020-03-04'),
('Italy', '', '', '', '', '0', '0', 3858, 148, 414, 3296, '2020-03-05'),
('Italy', '', '', '', '', '0', '0', 4636, 197, 523, 3916, '2020-03-06'),
('Italy', '', '', '', '', '0', '0', 5883, 233, 589, 5061, '2020-03-07'),
('Italy', '', '', '', '', '0', '0', 7375, 366, 622, 6387, '2020-03-08'),
('Italy', '', '', '', '', '0', '0', 9172, 463, 724, 7985, '2020-03-09'),
('Italy', '', '', '', '', '0', '0', 10149, 631, 724, 8794, '2020-03-10'),
('Italy', '', '', '', '', '0', '0', 12462, 827, 1045, 10590, '2020-03-11'),
('Italy', '', '', '', '', '0', '0', 15113, 1016, 1045, 13052, '2020-03-12'),
('Italy', '', '', '', '', '0', '0', 17660, 1266, 1439, 14955, '2020-03-13'),
('Italy', '', '', '', '', '0', '0', 21157, 1441, 1966, 17750, '2020-03-14'),
('Italy', '', '', '', '', '0', '0', 24747, 1809, 2335, 20603, '2020-03-15'),
('Italy', '', '', '', '', '0', '0', 27980, 2158, 2749, 23073, '2020-03-16'),
('Italy', '', '', '', '', '0', '0', 31506, 2503, 2941, 26062, '2020-03-17'),
('Italy', '', '', '', '', '0', '0', 35713, 2978, 4025, 28710, '2020-03-18'),
('Italy', '', '', '', '', '0', '0', 41035, 3405, 4440, 33190, '2020-03-19'),
('Italy', '', '', '', '', '0', '0', 47021, 4032, 4440, 38549, '2020-03-20'),
('Italy', '', '', '', '', '0', '0', 53578, 4825, 6072, 42681, '2020-03-21'),
('Italy', '', '', '', '', '0', '0', 59138, 5476, 7024, 46638, '2020-03-22'),
('Italy', '', '', '', '', '0', '0', 63927, 6077, 7024, 50826, '2020-03-23'),
('Italy', '', '', '', '', '0', '0', 69176, 6820, 8326, 54030, '2020-03-24'),
('Italy', '', '', '', '', '0', '0', 74386, 7503, 9362, 57521, '2020-03-25'),
('Italy', '', '', '', '', '0', '0', 80589, 8215, 10361, 62013, '2020-03-26'),
('Italy', '', '', '', '', '0', '0', 86498, 9134, 10950, 66414, '2020-03-27'),
('Italy', '', '', '', '', '0', '0', 92472, 10023, 12384, 70065, '2020-03-28'),
('Italy', '', '', '', '', '0', '0', 97689, 10779, 13030, 73880, '2020-03-29'),
('Italy', '', '', '', '', '0', '0', 101739, 11591, 14620, 75528, '2020-03-30'),
('Italy', '', '', '', '', '0', '0', 105792, 12428, 15729, 77635, '2020-03-31'),
('Italy', '', '', '', '', '0', '0', 110574, 13155, 16847, 80572, '2020-04-01'),
('Italy', '', '', '', '', '0', '0', 115242, 13915, 18278, 83049, '2020-04-02'),
('Italy', '', '', '', '', '0', '0', 119827, 14681, 19758, 85388, '2020-04-03'),
('Italy', '', '', '', '', '0', '0', 124632, 15362, 20996, 88274, '2020-04-04'),
('Italy', '', '', '', '', '0', '0', 128948, 15887, 21815, 91246, '2020-04-05'),
('Italy', '', '', '', '', '0', '0', 132547, 16523, 22837, 93187, '2020-04-06'),
('Italy', '', '', '', '', '0', '0', 135586, 17127, 24392, 94067, '2020-04-07'),
('Italy', '', '', '', '', '0', '0', 139422, 17669, 26491, 95262, '2020-04-08'),
('Italy', '', '', '', '', '0', '0', 143626, 18279, 28470, 96877, '2020-04-09'),
('Italy', '', '', '', '', '0', '0', 147577, 18849, 30455, 98273, '2020-04-10'),
('Italy', '', '', '', '', '0', '0', 152271, 19468, 32534, 100269, '2020-04-11'),
('Italy', '', '', '', '', '0', '0', 156363, 19899, 34211, 102253, '2020-04-12'),
('Italy', '', '', '', '', '0', '0', 159516, 20465, 35435, 103616, '2020-04-13'),
('Italy', '', '', '', '', '0', '0', 162488, 21067, 37130, 104291, '2020-04-14'),
('Italy', '', '', '', '', '0', '0', 165155, 21645, 38092, 105418, '2020-04-15'),
('Italy', '', '', '', '', '0', '0', 168941, 22170, 40164, 106607, '2020-04-16'),
('Italy', '', '', '', '', '0', '0', 172434, 22745, 42727, 106962, '2020-04-17'),
('Italy', '', '', '', '', '0', '0', 175925, 23227, 44927, 107771, '2020-04-18'),
('Italy', '', '', '', '', '0', '0', 178972, 23660, 47055, 108257, '2020-04-19'),
('Italy', '', '', '', '', '0', '0', 181228, 24114, 48877, 108237, '2020-04-20'),
('Italy', '', '', '', '', '0', '0', 183957, 24648, 51600, 107709, '2020-04-21'),
('Italy', '', '', '', '', '0', '0', 187327, 25085, 54543, 107699, '2020-04-22'),
('Italy', '', '', '', '', '0', '0', 189973, 25549, 57576, 106848, '2020-04-23'),
('Italy', '', '', '', '', '0', '0', 192994, 25969, 60498, 106527, '2020-04-24'),
('Italy', '', '', '', '', '0', '0', 195351, 26384, 63120, 105847, '2020-04-25'),
('Italy', '', '', '', '', '0', '0', 197675, 26644, 64928, 106103, '2020-04-26'),
('Italy', '', '', '', '', '0', '0', 199414, 26977, 66624, 105813, '2020-04-27'),
('Italy', '', '', '', '', '0', '0', 201505, 27359, 68941, 105205, '2020-04-28'),
('Italy', '', '', '', '', '0', '0', 203591, 27682, 71252, 104657, '2020-04-29'),
('Italy', '', '', '', '', '0', '0', 205463, 27967, 75945, 101551, '2020-04-30'),
('Italy', '', '', '', '', '0', '0', 207428, 28236, 78249, 100943, '2020-05-01'),
('Italy', '', '', '', '', '0', '0', 209328, 28710, 79914, 100704, '2020-05-02'),
('Italy', '', '', '', '', '0', '0', 210717, 28884, 81654, 100179, '2020-05-03'),
('Italy', '', '', '', '', '0', '0', 211938, 29079, 82879, 99980, '2020-05-04'),
('Italy', '', '', '', '', '0', '0', 213013, 29315, 85231, 98467, '2020-05-05'),
('Italy', '', '', '', '', '0', '0', 214457, 29684, 93245, 91528, '2020-05-06'),
('Italy', '', '', '', '', '0', '0', 215858, 29958, 96276, 89624, '2020-05-07'),
('Italy', '', '', '', '', '0', '0', 217185, 30201, 99023, 87961, '2020-05-08'),
('Italy', '', '', '', '', '0', '0', 218268, 30395, 103031, 84842, '2020-05-09'),
('Italy', '', '', '', '', '0', '0', 219070, 30560, 105186, 83324, '2020-05-10'),
('Italy', '', '', '', '', '0', '0', 219814, 30739, 106587, 82488, '2020-05-11'),
('Italy', '', '', '', '', '0', '0', 221216, 30911, 109039, 81266, '2020-05-12'),
('Italy', '', '', '', '', '0', '0', 222104, 31106, 112541, 78457, '2020-05-13'),
('Italy', '', '', '', '', '0', '0', 223096, 31368, 115288, 76440, '2020-05-14'),
('Italy', '', '', '', '', '0', '0', 223885, 31610, 120205, 72070, '2020-05-15'),
('Italy', '', '', '', '', '0', '0', 224760, 31763, 122810, 70187, '2020-05-16'),
('Italy', '', '', '', '', '0', '0', 225435, 31908, 125176, 68351, '2020-05-17'),
('Italy', '', '', '', '', '0', '0', 225886, 32007, 127326, 66553, '2020-05-18'),
('Italy', '', '', '', '', '0', '0', 226699, 32169, 129401, 65129, '2020-05-19'),
('Italy', '', '', '', '', '0', '0', 227364, 32330, 132282, 62752, '2020-05-20'),
('Italy', '', '', '', '', '0', '0', 228006, 32486, 134560, 60960, '2020-05-21'),
('Italy', '', '', '', '', '0', '0', 228658, 32616, 136720, 59322, '2020-05-22'),
('Italy', '', '', '', '', '0', '0', 229327, 32735, 138840, 57752, '2020-05-23'),
('Italy', '', '', '', '', '0', '0', 229858, 32785, 140479, 56594, '2020-05-24'),
('Italy', '', '', '', '', '0', '0', 230158, 32877, 141981, 55300, '2020-05-25'),
('Italy', '', '', '', '', '0', '0', 230555, 32955, 144658, 52942, '2020-05-26'),
('Italy', '', '', '', '', '0', '0', 231139, 33072, 147101, 50966, '2020-05-27'),
('Italy', '', '', '', '', '0', '0', 231732, 33142, 150604, 47986, '2020-05-28'),
('Italy', '', '', '', '', '0', '0', 232248, 33229, 152844, 46175, '2020-05-29'),
('Italy', '', '', '', '', '0', '0', 232664, 33340, 155633, 43691, '2020-05-30'),
('Italy', '', '', '', '', '0', '0', 232997, 33415, 157507, 42075, '2020-05-31'),
('Italy', '', '', '', '', '0', '0', 233197, 33475, 158355, 41367, '2020-06-01'),
('Italy', '', '', '', '', '0', '0', 233515, 33530, 160092, 39893, '2020-06-02'),
('Italy', '', '', '', '', '0', '0', 233836, 33601, 160938, 39297, '2020-06-03'),
('Italy', '', '', '', '', '0', '0', 234013, 33689, 161895, 38429, '2020-06-04'),
('Italy', '', '', '', '', '0', '0', 234531, 33774, 163781, 36976, '2020-06-05'),
('Italy', '', '', '', '', '0', '0', 234801, 33846, 165078, 35877, '2020-06-06'),
('Italy', '', '', '', '', '0', '0', 234998, 33899, 165837, 35262, '2020-06-07'),
('Italy', '', '', '', '', '0', '0', 235278, 33964, 166584, 34730, '2020-06-08'),
('Italy', '', '', '', '', '0', '0', 235561, 34043, 168646, 32872, '2020-06-09'),
('Italy', '', '', '', '', '0', '0', 235763, 34114, 169939, 31710, '2020-06-10'),
('Italy', '', '', '', '', '0', '0', 236142, 34167, 171338, 30637, '2020-06-11'),
('Italy', '', '', '', '', '0', '0', 236305, 34223, 173085, 28997, '2020-06-12'),
('Italy', '', '', '', '', '0', '0', 236651, 34301, 174865, 27485, '2020-06-13'),
('Italy', '', '', '', '', '0', '0', 236989, 34345, 176370, 26274, '2020-06-14'),
('Italy', '', '', '', '', '0', '0', 237290, 34371, 177010, 25909, '2020-06-15'),
('Italy', '', '', '', '', '0', '0', 237500, 34405, 178526, 24569, '2020-06-16'),
('Italy', '', '', '', '', '0', '0', 237828, 34448, 179455, 23925, '2020-06-17'),
('Italy', '', '', '', '', '0', '0', 238159, 34514, 180544, 23101, '2020-06-18'),
('Italy', '', '', '', '', '0', '0', 238011, 34561, 181907, 21543, '2020-06-19'),
('Italy', '', '', '', '', '0', '0', 238275, 34610, 182453, 21212, '2020-06-20'),
('Italy', '', '', '', '', '0', '0', 238499, 34634, 182893, 20972, '2020-06-21'),
('Italy', '', '', '', '', '0', '0', 238720, 34657, 183426, 20637, '2020-06-22'),
('Italy', '', '', '', '', '0', '0', 238833, 34675, 184585, 19573, '2020-06-23'),
('Italy', '', '', '', '', '0', '0', 239410, 34644, 186111, 18655, '2020-06-24'),
('Italy', '', '', '', '', '0', '0', 239706, 34678, 186725, 18303, '2020-06-25'),
('Italy', '', '', '', '', '0', '0', 239961, 34708, 187615, 17638, '2020-06-26'),
('Italy', '', '', '', '', '0', '0', 240136, 34716, 188584, 16836, '2020-06-27'),
('Italy', '', '', '', '', '0', '0', 240310, 34738, 188891, 16681, '2020-06-28'),
('Italy', '', '', '', '', '0', '0', 240436, 34744, 189196, 16496, '2020-06-29'),
('Italy', '', '', '', '', '0', '0', 240578, 34767, 190248, 15563, '2020-06-30'),
('Italy', '', '', '', '', '0', '0', 240760, 34788, 190717, 15255, '2020-07-01'),
('Italy', '', '', '', '', '0', '0', 240961, 34818, 191083, 15060, '2020-07-02'),
('Italy', '', '', '', '', '0', '0', 241184, 34833, 191467, 14884, '2020-07-03'),
('Italy', '', '', '', '', '0', '0', 241419, 34854, 191944, 14621, '2020-07-04'),
('Italy', '', '', '', '', '0', '0', 241611, 34861, 192108, 14642, '2020-07-05'),
('Italy', '', '', '', '', '0', '0', 241819, 34869, 192241, 14709, '2020-07-06'),
('Italy', '', '', '', '', '0', '0', 241956, 34899, 192815, 14242, '2020-07-07'),
('Italy', '', '', '', '', '0', '0', 242149, 34914, 193640, 13595, '2020-07-08'),
('Italy', '', '', '', '', '0', '0', 242363, 34926, 193978, 13459, '2020-07-09'),
('Italy', '', '', '', '', '0', '0', 242639, 34938, 194273, 13428, '2020-07-10'),
('Italy', '', '', '', '', '0', '0', 242827, 34945, 194579, 13303, '2020-07-11'),
('Italy', '', '', '', '', '0', '0', 243061, 34954, 194928, 13179, '2020-07-12'),
('Italy', '', '', '', '', '0', '0', 243230, 34967, 195106, 13157, '2020-07-13'),
('Italy', '', '', '', '', '0', '0', 243344, 34984, 195441, 12919, '2020-07-14'),
('Italy', '', '', '', '', '0', '0', 243506, 34997, 196016, 12493, '2020-07-15'),
('Italy', '', '', '', '', '0', '0', 243736, 35017, 196246, 12473, '2020-07-16'),
('Italy', '', '', '', '', '0', '0', 243967, 35028, 196483, 12456, '2020-07-17'),
('Italy', '', '', '', '', '0', '0', 244216, 35042, 196806, 12368, '2020-07-18'),
('Italy', '', '', '', '', '0', '0', 244434, 35045, 196949, 12440, '2020-07-19'),
('Italy', '', '', '', '', '0', '0', 244624, 35058, 197162, 12404, '2020-07-20'),
('Italy', '', '', '', '', '0', '0', 244752, 35073, 197431, 12248, '2020-07-21'),
('Italy', '', '', '', '', '0', '0', 245032, 35082, 197628, 12322, '2020-07-22'),
('Italy', '', '', '', '', '0', '0', 245338, 35092, 197842, 12404, '2020-07-23'),
('Italy', '', '', '', '', '0', '0', 245590, 35097, 198192, 12301, '2020-07-24'),
('Italy', '', '', '', '', '0', '0', 245864, 35102, 198320, 12442, '2020-07-25'),
('Italy', '', '', '', '', '0', '0', 246118, 35107, 198446, 12565, '2020-07-26'),
('Italy', '', '', '', '', '0', '0', 246286, 35112, 198593, 12581, '2020-07-27'),
('Italy', '', '', '', '', '0', '0', 246488, 35123, 198756, 12609, '2020-07-28'),
('Italy', '', '', '', '', '0', '0', 246776, 35129, 199031, 12616, '2020-07-29'),
('Italy', '', '', '', '', '0', '0', 247158, 35132, 199796, 12230, '2020-07-30'),
('Italy', '', '', '', '', '0', '0', 247537, 35141, 199974, 12422, '2020-07-31'),
('Italy', '', '', '', '', '0', '0', 247832, 35146, 200229, 12457, '2020-08-01'),
('Italy', '', '', '', '', '0', '0', 248070, 35154, 200460, 12456, '2020-08-02'),
('Italy', '', '', '', '', '0', '0', 248229, 35166, 200589, 12474, '2020-08-03'),
('Italy', '', '', '', '', '0', '0', 248419, 35171, 200766, 12482, '2020-08-04'),
('Italy', '', '', '', '', '0', '0', 248803, 35181, 200976, 12646, '2020-08-05'),
('Italy', '', '', '', '', '0', '0', 249204, 35187, 201323, 12694, '2020-08-06'),
('Italy', '', '', '', '', '0', '0', 249756, 35190, 201642, 12924, '2020-08-07'),
('Italy', '', '', '', '', '0', '0', 250103, 35203, 201947, 12953, '2020-08-08'),
('Italy', '', '', '', '', '0', '0', 250566, 35205, 202098, 13263, '2020-08-09'),
('Italy', '', '', '', '', '0', '0', 250825, 35209, 202248, 13368, '2020-08-10'),
('Italy', '', '', '', '', '0', '0', 251237, 35215, 202461, 13561, '2020-08-11'),
('Italy', '', '', '', '', '0', '0', 251713, 35225, 202697, 13791, '2020-08-12'),
('Italy', '', '', '', '', '0', '0', 252235, 35231, 202923, 14081, '2020-08-13'),
('Italy', '', '', '', '', '0', '0', 252809, 35234, 203326, 14249, '2020-08-14'),
('Italy', '', '', '', '', '0', '0', 253438, 35392, 203640, 14406, '2020-08-15'),
('Italy', '', '', '', '', '0', '0', 253915, 35396, 203786, 14733, '2020-08-16'),
('Italy', '', '', '', '', '0', '0', 254235, 35400, 203968, 14867, '2020-08-17'),
('Italy', '', '', '', '', '0', '0', 254636, 35405, 204142, 15089, '2020-08-18'),
('Italy', '', '', '', '', '0', '0', 255278, 35412, 204506, 15360, '2020-08-19'),
('Italy', '', '', '', '', '0', '0', 256118, 35418, 204686, 16014, '2020-08-20'),
('Italy', '', '', '', '', '0', '0', 257065, 35427, 204960, 16678, '2020-08-21'),
('Italy', '', '', '', '', '0', '0', 258136, 35430, 205203, 17503, '2020-08-22'),
('Italy', '', '', '', '', '0', '0', 259345, 35437, 205470, 18438, '2020-08-23'),
('Italy', '', '', '', '', '0', '0', 260298, 35441, 205662, 19195, '2020-08-24'),
('Italy', '', '', '', '', '0', '0', 261174, 35445, 206015, 19714, '2020-08-25'),
('Italy', '', '', '', '', '0', '0', 262540, 35458, 206329, 20753, '2020-08-26'),
('Italy', '', '', '', '', '0', '0', 263949, 35463, 206554, 21932, '2020-08-27'),
('Italy', '', '', '', '', '0', '0', 265409, 35472, 206902, 23035, '2020-08-28'),
('Italy', '', '', '', '', '0', '0', 266853, 35473, 208224, 23156, '2020-08-29'),
('Italy', '', '', '', '', '0', '0', 268218, 35477, 208536, 24205, '2020-08-30'),
('Italy', '', '', '', '', '0', '0', 269214, 35483, 207653, 26078, '2020-08-31'),
('Italy', '', '', '', '', '0', '0', 270189, 35491, 207944, 26754, '2020-09-01'),
('Italy', '', '', '', '', '0', '0', 271515, 35497, 208201, 27817, '2020-09-02'),
('Italy', '', '', '', '', '0', '0', 272912, 35507, 208490, 28915, '2020-09-03'),
('Italy', '', '', '', '', '0', '0', 274644, 35518, 209027, 30099, '2020-09-04'),
('Italy', '', '', '', '', '0', '0', 276338, 35534, 209610, 31194, '2020-09-05'),
('Italy', '', '', '', '', '0', '0', 277634, 35541, 210015, 32078, '2020-09-06'),
('Italy', '', '', '', '', '0', '0', 278784, 35553, 210238, 32993, '2020-09-07'),
('Italy', '', '', '', '', '0', '0', 280153, 35563, 210801, 33789, '2020-09-08'),
('Italy', '', '', '', '', '0', '0', 281583, 35577, 211272, 34734, '2020-09-09'),
('Italy', '', '', '', '', '0', '0', 283180, 35587, 211885, 35708, '2020-09-10'),
('Italy', '', '', '', '', '0', '0', 284796, 35597, 212432, 36767, '2020-09-11'),
('Italy', '', '', '', '', '0', '0', 286297, 35603, 213191, 37503, '2020-09-12'),
('Italy', '', '', '', '', '0', '0', 287753, 35610, 213634, 38509, '2020-09-13'),
('Italy', '', '', '', '', '0', '0', 288761, 35624, 213950, 39187, '2020-09-14'),
('Italy', '', '', '', '', '0', '0', 289990, 35633, 214645, 39712, '2020-09-15'),
('Italy', '', '', '', '', '0', '0', 291442, 35645, 215265, 40532, '2020-09-16'),
('Italy', '', '', '', '', '0', '0', 293025, 35658, 215954, 41413, '2020-09-17'),
('Italy', '', '', '', '', '0', '0', 294932, 35668, 216807, 42457, '2020-09-18'),
('Italy', '', '', '', '', '0', '0', 296569, 35692, 217716, 43161, '2020-09-19'),
('Italy', '', '', '', '', '0', '0', 298156, 35707, 218351, 44098, '2020-09-20'),
('Italy', '', '', '', '', '0', '0', 299506, 35724, 218703, 45079, '2020-09-21'),
('Italy', '', '', '', '', '0', '0', 300897, 35738, 219670, 45489, '2020-09-22'),
('Italy', '', '', '', '', '0', '0', 302537, 35758, 220665, 46114, '2020-09-23'),
('Italy', '', '', '', '', '0', '0', 304323, 35781, 221762, 46780, '2020-09-24'),
('Italy', '', '', '', '', '0', '0', 306235, 35801, 222716, 47718, '2020-09-25'),
('Italy', '', '', '', '', '0', '0', 308104, 35818, 223693, 48593, '2020-09-26'),
('Italy', '', '', '', '', '0', '0', 309870, 35835, 224417, 49618, '2020-09-27'),
('Italy', '', '', '', '', '0', '0', 311364, 35851, 225190, 50323, '2020-09-28'),
('Italy', '', '', '', '', '0', '0', 313011, 35875, 226506, 50630, '2020-09-29'),
('Italy', '', '', '', '', '0', '0', 314861, 35894, 227704, 51263, '2020-09-30'),
('Italy', '', '', '', '', '0', '0', 317409, 35918, 228844, 52647, '2020-10-01'),
('Italy', '', '', '', '', '0', '0', 319908, 35941, 229970, 53997, '2020-10-02'),
('Italy', '', '', '', '', '0', '0', 322751, 35968, 231217, 55566, '2020-10-03'),
('Italy', '', '', '', '', '0', '0', 325329, 35986, 231914, 57429, '2020-10-04'),
('Italy', '', '', '', '', '0', '0', 327586, 36002, 232681, 58903, '2020-10-05'),
('Italy', '', '', '', '', '0', '0', 330263, 36030, 234099, 60134, '2020-10-06'),
('Italy', '', '', '', '', '0', '0', 333940, 36061, 235303, 62576, '2020-10-07'),
('Italy', '', '', '', '', '0', '0', 338398, 36083, 236363, 65952, '2020-10-08'),
('Italy', '', '', '', '', '0', '0', 343770, 36111, 237549, 70110, '2020-10-09'),
('Italy', '', '', '', '', '0', '0', 349494, 36140, 238525, 74829, '2020-10-10'),
('Italy', '', '', '', '', '0', '0', 354950, 36166, 239709, 79075, '2020-10-11'),
('Italy', '', '', '', '', '0', '0', 359569, 36205, 240600, 82764, '2020-10-12'),
('Italy', '', '', '', '', '0', '0', 365467, 36246, 242028, 87193, '2020-10-13'),
('Italy', '', '', '', '', '0', '0', 372799, 36289, 244065, 92445, '2020-10-14'),
('Italy', '', '', '', '', '0', '0', 381602, 36372, 245964, 99266, '2020-10-15'),
('Italy', '', '', '', '', '0', '0', 391611, 36427, 247872, 107312, '2020-10-16'),
('Italy', '', '', '', '', '0', '0', 402536, 36474, 249127, 116935, '2020-10-17'),
('Italy', '', '', '', '', '0', '0', 414241, 36543, 251461, 126237, '2020-10-18'),
('Italy', '', '', '', '', '0', '0', 423578, 36616, 252959, 134003, '2020-10-19'),
('Italy', '', '', '', '', '0', '0', 434449, 36705, 255005, 142739, '2020-10-20'),
('Italy', '', '', '', '', '0', '0', 449648, 36832, 257374, 155442, '2020-10-21'),
('Italy', '', '', '', '', '0', '0', 465726, 36968, 259456, 169302, '2020-10-22'),
('Italy', '', '', '', '', '0', '0', 484869, 37059, 261808, 186002, '2020-10-23'),
('Italy', '', '', '', '', '0', '0', 504509, 37210, 264117, 203182, '2020-10-24'),
('Italy', '', '', '', '', '0', '0', 525782, 37338, 266203, 222241, '2020-10-25'),
('Italy', '', '', '', '', '0', '0', 542789, 37479, 268626, 236684, '2020-10-26'),
('Italy', '', '', '', '', '0', '0', 564778, 37700, 271988, 255090, '2020-10-27'),
('Italy', '', '', '', '', '0', '0', 589766, 37905, 275404, 276457, '2020-10-28'),
('Italy', '', '', '', '', '0', '0', 616595, 38122, 279282, 299191, '2020-10-29'),
('Italy', '', '', '', '', '0', '0', 647674, 38321, 283567, 325786, '2020-10-30'),
('Italy', '', '', '', '', '0', '0', 679430, 38618, 289426, 351386, '2020-10-31'),
('Italy', '', '', '', '', '0', '0', 709335, 38826, 292380, 378129, '2020-11-01'),
('Italy', '', '', '', '', '0', '0', 731588, 39059, 296017, 396512, '2020-11-02'),
('Italy', '', '', '', '', '0', '0', 759829, 39412, 302275, 418142, '2020-11-03'),
('Italy', '', '', '', '', '0', '0', 790377, 39764, 307378, 443235, '2020-11-04'),
('Italy', '', '', '', '', '0', '0', 824879, 40192, 312339, 472348, '2020-11-05'),
('Italy', '', '', '', '', '0', '0', 862681, 40638, 322925, 499118, '2020-11-06'),
('Italy', '', '', '', '', '0', '0', 902490, 41063, 328891, 532536, '2020-11-07'),
('Italy', '', '', '', '', '0', '0', 935104, 41394, 335074, 558636, '2020-11-08'),
('Italy', '', '', '', '', '0', '0', 960373, 41750, 345289, 573334, '2020-11-09'),
('Italy', '', '', '', '', '0', '0', 995463, 42330, 363023, 590110, '2020-11-10'),
('Italy', '', '', '', '', '0', '0', 1028424, 42953, 372113, 613358, '2020-11-11'),
('Italy', '', '', '', '', '0', '0', 1066401, 43589, 387758, 635054, '2020-11-12'),
('Italy', '', '', '', '', '0', '0', 1107303, 44139, 399238, 663926, '2020-11-13'),
('Italy', '', '', '', '', '0', '0', 1144552, 44683, 411434, 688435, '2020-11-14'),
('Italy', '', '', '', '', '0', '0', 1178529, 45229, 420810, 712490, '2020-11-15'),
('Italy', '', '', '', '', '0', '0', 1205881, 45733, 442364, 717784, '2020-11-16'),
('Italy', '', '', '', '', '0', '0', 1238072, 46464, 457798, 733810, '2020-11-17'),
('Italy', '', '', '', '', '0', '0', 1272352, 47217, 481967, 743168, '2020-11-18'),
('Italy', '', '', '', '', '0', '0', 1308528, 47870, 498987, 761671, '2020-11-19'),
('Italy', '', '', '', '', '0', '0', 1345767, 48569, 520022, 777176, '2020-11-20'),
('Italy', '', '', '', '', '0', '0', 1380531, 49261, 539524, 791746, '2020-11-21'),
('Italy', '', '', '', '', '0', '0', 1408868, 49823, 553098, 805947, '2020-11-22'),
('Italy', '', '', '', '', '0', '0', 1431795, 50453, 584493, 796849, '2020-11-23'),
('Italy', '', '', '', '', '0', '0', 1455022, 51306, 605330, 798386, '2020-11-24'),
('Italy', '', '', '', '', '0', '0', 1480874, 52028, 637149, 791697, '2020-11-25'),
('Italy', '', '', '', '', '0', '0', 1509875, 52850, 661180, 795845, '2020-11-26'),
('Italy', '', '', '', '', '0', '0', 1538217, 53677, 696647, 787893, '2020-11-27'),
('Italy', '', '', '', '', '0', '0', 1564532, 54363, 720861, 789308, '2020-11-28'),
('Italy', '', '', '', '', '0', '0', 1585178, 54904, 734503, 795771, '2020-11-29'),
('Italy', '', '', '', '', '0', '0', 1601554, 55576, 757507, 788471, '2020-11-30'),
('Italy', '', '', '', '', '0', '0', 1620901, 56361, 784595, 779945, '2020-12-01'),
('Italy', '', '', '', '', '0', '0', 1641610, 57045, 823335, 761230, '2020-12-02'),
('Italy', '', '', '', '', '0', '0', 1664829, 58038, 846809, 759982, '2020-12-03'),
('Italy', '', '', '', '', '0', '0', 1688939, 58852, 872385, 757702, '2020-12-04'),
('Italy', '', '', '', '', '0', '0', 1709991, 59514, 896308, 754169, '2020-12-05'),
('Italy', '', '', '', '', '0', '0', 1728878, 60078, 913494, 755306, '2020-12-06'),
('Italy', '', '', '', '', '0', '0', 1742557, 60606, 933132, 748819, '2020-12-07'),
('Italy', '', '', '', '', '0', '0', 1757394, 61240, 958629, 737525, '2020-12-08'),
('Italy', '', '', '', '', '0', '0', 1770149, 61739, 997895, 710515, '2020-12-09'),
('Italy', '', '', '', '', '0', '0', 1787147, 62626, 1027994, 696527, '2020-12-10'),
('Italy', '', '', '', '', '0', '0', 1805873, 63387, 1052163, 690323, '2020-12-11'),
('Italy', '', '', '', '', '0', '0', 1825775, 64036, 1076891, 684848, '2020-12-12'),
('Italy', '', '', '', '', '0', '0', 1843712, 64520, 1093161, 686031, '2020-12-13'),
('Italy', '', '', '', '', '0', '0', 1855737, 65011, 1115617, 675109, '2020-12-14'),
('Italy', '', '', '', '', '0', '0', 1870576, 65857, 1141406, 663313, '2020-12-15'),
('Italy', '', '', '', '', '0', '0', 1888144, 66537, 1175901, 645706, '2020-12-16'),
('Italy', '', '', '', '', '0', '0', 1906377, 67220, 1203814, 635343, '2020-12-17'),
('Italy', '', '', '', '', '0', '0', 1921778, 67894, 1226086, 627798, '2020-12-18'),
('Italy', '', '', '', '', '0', '0', 1938083, 68447, 1249470, 620166, '2020-12-19'),
('Italy', '', '', '', '', '0', '0', 1953185, 68799, 1261626, 622760, '2020-12-20'),
('Italy', '', '', '', '', '0', '0', 1964054, 69214, 1281258, 613582, '2020-12-21'),
('Italy', '', '', '', '', '0', '0', 1977370, 69842, 1301573, 605955, '2020-12-22'),
('Italy', '', '', '', '', '0', '0', 1991278, 70395, 1322067, 598816, '2020-12-23'),
('Italy', '', '', '', '', '0', '0', 2009317, 70900, 1344785, 593632, '2020-12-24'),
('Italy', '', '', '', '', '0', '0', 2028354, 71359, 1377109, 579886, '2020-12-25'),
('Italy', '', '', '', '', '0', '0', 2038759, 71620, 1386198, 580941, '2020-12-26'),
('Italy', '', '', '', '', '0', '0', 2047696, 71925, 1394011, 581760, '2020-12-27'),
('Italy', '', '', '', '', '0', '0', 2056277, 72370, 1408686, 575221, '2020-12-28'),
('Italy', '', '', '', '', '0', '0', 2067487, 73029, 1425730, 568728, '2020-12-29'),
('Italy', '', '', '', '', '0', '0', 2083689, 73604, 1445690, 564395, '2020-12-30'),
('Italy', '', '', '', '', '0', '0', 2107166, 74159, 1463111, 569896, '2020-12-31'),
('Italy', '', '', '', '', '0', '0', 2129376, 74621, 1479988, 574767, '2021-01-01'),
('Italy', '', '', '', '', '0', '0', 2141201, 74985, 1489154, 577062, '2021-01-02'),
('Italy', '', '', '', '', '0', '0', 2155446, 75332, 1503900, 576214, '2021-01-03'),
('Italy', '', '', '', '', '0', '0', 2166244, 75680, 1520106, 570458, '2021-01-04'),
('Italy', '', '', '', '', '0', '0', 2181619, 76329, 1536129, 569161, '2021-01-05'),
('Italy', '', '', '', '', '0', '0', 2201945, 76877, 1556356, 568712, '2021-01-06'),
('Italy', '', '', '', '', '0', '0', 2220361, 77291, 1572015, 571055, '2021-01-07'),
('Italy', '', '', '', '', '0', '0', 2237890, 77911, 1589590, 570389, '2021-01-08'),
('Italy', '', '', '', '', '0', '0', 2257866, 78394, 1606630, 572842, '2021-01-09'),
('Italy', '', '', '', '', '0', '0', 2276491, 78755, 1617804, 579932, '2021-01-10'),
('Italy', '', '', '', '', '0', '0', 2289021, 79203, 1633839, 575979, '2021-01-11'),
('Italy', '', '', '', '', '0', '0', 2303263, 79819, 1653404, 570040, '2021-01-12'),
('Italy', '', '', '', '', '0', '0', 2319036, 80326, 1673936, 564774, '2021-01-13'),
('Italy', '', '', '', '', '0', '0', 2336279, 80848, 1694051, 561380, '2021-01-14'),
('Italy', '', '', '', '', '0', '0', 2352423, 81325, 1713030, 558068, '2021-01-15'),
('Italy', '', '', '', '', '0', '0', 2368733, 81800, 1729216, 557717, '2021-01-16'),
('Italy', '', '', '', '', '0', '0', 2381277, 82177, 1745726, 553374, '2021-01-17'),
('Italy', '', '', '', '', '0', '0', 2390102, 82554, 1760489, 547059, '2021-01-18'),
('Italy', '', '', '', '', '0', '0', 2400598, 83157, 1781917, 535524, '2021-01-19'),
('Italy', '', '', '', '', '0', '0', 2414166, 83681, 1806932, 523553, '2021-01-20'),
('Italy', '', '', '', '', '0', '0', 2428221, 84202, 1827451, 516568, '2021-01-21'),
('Italy', '', '', '', '', '0', '0', 2441854, 84674, 1855127, 502053, '2021-01-22'),
('Italy', '', '', '', '', '0', '0', 2455185, 85162, 1871189, 498834, '2021-01-23'),
('Italy', '', '', '', '', '0', '0', 2466813, 85461, 1882074, 499278, '2021-01-24'),
('Italy', '', '', '', '', '0', '0', 2475372, 85881, 1897861, 491630, '2021-01-25'),
('Italy', '', '', '', '', '0', '0', 2485956, 86422, 1917117, 482417, '2021-01-26'),
('Italy', '', '', '', '', '0', '0', 2501147, 86889, 1936289, 477969, '2021-01-27'),
('Italy', '', '', '', '', '0', '0', 2515507, 87381, 1953509, 474617, '2021-01-28'),
('Italy', '', '', '', '', '0', '0', 2529070, 87858, 1973388, 467824, '2021-01-29'),
('Italy', '', '', '', '', '0', '0', 2541783, 88279, 1990152, 463352, '2021-01-30'),
('Italy', '', '', '', '', '0', '0', 2553032, 88516, 2010548, 453968, '2021-01-31');
INSERT INTO `totalfromdayone` (`Country`, `CountryCode`, `Province`, `City`, `CityCode`, `Lat`, `Lon`, `Confirmed`, `Deaths`, `Recovered`, `Active`, `Date`) VALUES
('Italy', '', '', '', '', '0', '0', 2560957, 88845, 2024523, 447589, '2021-02-01'),
('Italy', '', '', '', '', '0', '0', 2570608, 89344, 2043499, 437765, '2021-02-02'),
('Italy', '', '', '', '', '0', '0', 2583790, 89820, 2059248, 434722, '2021-02-03'),
('Italy', '', '', '', '', '0', '0', 2597446, 90241, 2076928, 430277, '2021-02-04'),
('Italy', '', '', '', '', '0', '0', 2611659, 90618, 2091923, 429118, '2021-02-05'),
('Italy', '', '', '', '', '0', '0', 2625098, 91003, 2107061, 427034, '2021-02-06'),
('Italy', '', '', '', '', '0', '0', 2636738, 91273, 2118441, 427024, '2021-02-07'),
('Italy', '', '', '', '', '0', '0', 2644707, 91580, 2133523, 419604, '2021-02-08'),
('Italy', '', '', '', '', '0', '0', 2655319, 92002, 2149350, 413967, '2021-02-09'),
('Italy', '', '', '', '', '0', '0', 2668266, 92338, 2165817, 410111, '2021-02-10'),
('Italy', '', '', '', '', '0', '0', 2683403, 92729, 2185655, 405019, '2021-02-11'),
('Italy', '', '', '', '', '0', '0', 2697296, 93045, 2202077, 402174, '2021-02-12'),
('Italy', '', '', '', '', '0', '0', 2710819, 93356, 2216050, 401413, '2021-02-13'),
('Italy', '', '', '', '', '0', '0', 2721879, 93577, 2225519, 402783, '2021-02-14'),
('Italy', '', '', '', '', '0', '0', 2729223, 93835, 2237290, 398098, '2021-02-15'),
('Italy', '', '', '', '', '0', '0', 2739591, 94171, 2251734, 393686, '2021-02-16'),
('Italy', '', '', '', '', '0', '0', 2751657, 94540, 2268253, 388864, '2021-02-17'),
('Italy', '', '', '', '', '0', '0', 2765412, 94887, 2286024, 384501, '2021-02-18'),
('Italy', '', '', '', '', '0', '0', 2780882, 95235, 2303199, 382448, '2021-02-19'),
('Italy', '', '', '', '', '0', '0', 2795796, 95486, 2315687, 384623, '2021-02-20'),
('Italy', '', '', '', '', '0', '0', 2809246, 95718, 2324633, 388895, '2021-02-21'),
('Italy', '', '', '', '', '0', '0', 2818863, 95992, 2334968, 387903, '2021-02-22'),
('Italy', '', '', '', '', '0', '0', 2832162, 96348, 2347866, 387948, '2021-02-23'),
('Italy', '', '', '', '', '0', '0', 2848564, 96666, 2362465, 389433, '2021-02-24'),
('Italy', '', '', '', '', '0', '0', 2868435, 96974, 2375318, 396143, '2021-02-25'),
('Italy', '', '', '', '', '0', '0', 2888923, 97227, 2387032, 404664, '2021-02-26'),
('Italy', '', '', '', '', '0', '0', 2907825, 97507, 2398352, 411966, '2021-02-27'),
('Italy', '', '', '', '', '0', '0', 2925265, 97699, 2405199, 422367, '2021-02-28'),
('Italy', '', '', '', '', '0', '0', 2938371, 97945, 2416093, 424333, '2021-03-01'),
('Italy', '', '', '', '', '0', '0', 2955434, 98288, 2426150, 430996, '2021-03-02'),
('Italy', '', '', '', '', '0', '0', 2976274, 98635, 2440218, 437421, '2021-03-03'),
('Italy', '', '', '', '', '0', '0', 2999119, 98974, 2453706, 446439, '2021-03-04'),
('Italy', '', '', '', '', '0', '0', 3023129, 99271, 2467388, 456470, '2021-03-05'),
('Italy', '', '', '', '', '0', '0', 3046762, 99578, 2481372, 465812, '2021-03-06'),
('Italy', '', '', '', '', '0', '0', 3067486, 99785, 2494839, 2967701, '2021-03-07'),
('Italy', '', '', '', '', '0', '0', 3081368, 100103, 2508732, 472533, '2021-03-08'),
('Italy', '', '', '', '', '0', '0', 3101093, 100479, 2521731, 478883, '2021-03-09'),
('Italy', '', '', '', '', '0', '0', 3123368, 100811, 2535483, 487074, '2021-03-10'),
('Italy', '', '', '', '', '0', '0', 3149017, 101184, 2550483, 497350, '2021-03-11'),
('Italy', '', '', '', '', '0', '0', 3175807, 101564, 2564926, 509317, '2021-03-12'),
('Italy', '', '', '', '', '0', '0', 3201838, 101881, 2579896, 520061, '2021-03-13'),
('Italy', '', '', '', '', '0', '0', 3223142, 102145, 2589731, 531266, '2021-03-14'),
('Italy', '', '', '', '', '0', '0', 3238394, 102499, 2605538, 530357, '2021-03-15'),
('Italy', '', '', '', '', '0', '0', 3258770, 103001, 2619654, 536115, '2021-03-16'),
('Italy', '', '', '', '', '0', '0', 3281810, 103432, 2639370, 539008, '2021-03-17'),
('Italy', '', '', '', '', '0', '0', 3306711, 103855, 2655346, 547510, '2021-03-18'),
('Italy', '', '', '', '', '0', '0', 3332418, 104241, 2671638, 556539, '2021-03-19'),
('Italy', '', '', '', '', '0', '0', 3356331, 104642, 2686236, 565453, '2021-03-20'),
('Italy', '', '', '', '', '0', '0', 3376376, 104942, 2699762, 571672, '2021-03-21'),
('Italy', '', '', '', '', '0', '0', 3400877, 105328, 2719477, 565376, '2021-03-22'),
('Italy', '', '', '', '', '0', '0', 3419616, 105879, 2753083, 560654, '2021-03-23'),
('Italy', '', '', '', '', '0', '0', 3440862, 106339, 2773215, 561308, '2021-03-24'),
('Italy', '', '', '', '', '0', '0', 3464543, 106799, 2794888, 562856, '2021-03-25'),
('Italy', '', '', '', '', '0', '0', 3488619, 107256, 2814652, 566711, '2021-03-26'),
('Italy', '', '', '', '', '0', '0', 3512453, 107636, 2832939, 571878, '2021-03-27'),
('Italy', '', '', '', '', '0', '0', 3532057, 107933, 2850889, 573235, '2021-03-28'),
('Italy', '', '', '', '', '0', '0', 3544957, 108350, 2870614, 565993, '2021-03-29'),
('Italy', '', '', '', '', '0', '0', 3561012, 108879, 2889301, 562832, '2021-03-30'),
('Italy', '', '', '', '', '0', '0', 3584899, 109346, 2913045, 562508, '2021-03-31'),
('Italy', '', '', '', '', '0', '0', 3607083, 109847, 2933757, 563479, '2021-04-01'),
('Italy', '', '', '', '', '0', '0', 3629000, 110328, 2953377, 565295, '2021-04-02'),
('Italy', '', '', '', '', '0', '0', 3650247, 110704, 2974688, 564855, '2021-04-03'),
('Italy', '', '', '', '', '0', '0', 3668264, 111030, 2988199, 569035, '2021-04-04'),
('Italy', '', '', '', '', '0', '0', 3678944, 111326, 2997522, 570096, '2021-04-05'),
('Italy', '', '', '', '', '0', '0', 3686707, 111747, 3019255, 555705, '2021-04-06'),
('Italy', '', '', '', '', '0', '0', 3700393, 112374, 3040182, 547837, '2021-04-07'),
('Italy', '', '', '', '', '0', '0', 3717602, 112861, 3060411, 544330, '2021-04-08'),
('Italy', '', '', '', '', '0', '0', 3736526, 113579, 3086586, 536361, '2021-04-09'),
('Italy', '', '', '', '', '0', '0', 3754077, 113923, 3107069, 533085, '2021-04-10'),
('Italy', '', '', '', '', '0', '0', 3769814, 114254, 3122555, 533005, '2021-04-11'),
('Italy', '', '', '', '', '0', '0', 3779594, 114612, 3140565, 524417, '2021-04-12'),
('Italy', '', '', '', '', '0', '0', 3793033, 115088, 3158725, 519220, '2021-04-13'),
('Italy', '', '', '', '', '0', '0', 3809193, 115557, 3178976, 514660, '2021-04-14'),
('Italy', '', '', '', '', '0', '0', 3826156, 115937, 3200196, 510023, '2021-04-15'),
('Italy', '', '', '', '', '0', '0', 3842079, 116366, 3218975, 506738, '2021-04-16'),
('Italy', '', '', '', '', '0', '0', 3857443, 116676, 3235459, 505308, '2021-04-17');

--
-- Indici per le tabelle scaricate
--

--
-- Indici per le tabelle `countries`
--
ALTER TABLE `countries`
  ADD PRIMARY KEY (`Country`);

--
-- Indici per le tabelle `dailysummary`
--
ALTER TABLE `dailysummary`
  ADD PRIMARY KEY (`ID`);

--
-- Indici per le tabelle `totalfromdayone`
--
ALTER TABLE `totalfromdayone`
  ADD PRIMARY KEY (`Country`,`Date`);
COMMIT;

/*!40101 SET CHARACTER_SET_CLIENT=@OLD_CHARACTER_SET_CLIENT */;
/*!40101 SET CHARACTER_SET_RESULTS=@OLD_CHARACTER_SET_RESULTS */;
/*!40101 SET COLLATION_CONNECTION=@OLD_COLLATION_CONNECTION */;
